[16Jun2025 03:09:09.329] [main/INFO] [cpw.mods.modlauncher.Launcher/MODLAUNCHER]: ModLauncher running: args [--launchTarget, forgeserver, --fml.forgeVersion, 47.3.7, --fml.mcVersion, 1.20.1, --fml.forgeGroup, net.minecraftforge, --fml.mcpVersion, 20230612.114412, nogui]
[16Jun2025 03:09:09.335] [main/INFO] [cpw.mods.modlauncher.Launcher/MODLAUNCHER]: ModLauncher 10.0.9+10.0.9+main.dcd20f30 starting: java version 17.0.15 by Ubuntu; OS Linux arch amd64 version 6.8.0-1027-azure
[16Jun2025 03:09:12.144] [main/INFO] [net.minecraftforge.fml.loading.ImmediateWindowHandler/]: ImmediateWindowProvider not loading because launch target is forgeserver
[16Jun2025 03:09:12.192] [main/INFO] [mixin/]: SpongePowered MIXIN Subsystem Version=0.8.5 Source=union:/workspaces/trabajo/servidor_minecraft/libraries/org/spongepowered/mixin/0.8.5/mixin-0.8.5.jar%2365!/ Service=ModLauncher Env=SERVER
[16Jun2025 03:09:12.587] [main/WARN] [net.minecraftforge.fml.loading.moddiscovery.ModFileParser/LOADING]: Mod file /workspaces/trabajo/servidor_minecraft/libraries/net/minecraftforge/fmlcore/1.20.1-47.3.7/fmlcore-1.20.1-47.3.7.jar is missing mods.toml file
[16Jun2025 03:09:12.589] [main/WARN] [net.minecraftforge.fml.loading.moddiscovery.ModFileParser/LOADING]: Mod file /workspaces/trabajo/servidor_minecraft/libraries/net/minecraftforge/javafmllanguage/1.20.1-47.3.7/javafmllanguage-1.20.1-47.3.7.jar is missing mods.toml file
[16Jun2025 03:09:12.590] [main/WARN] [net.minecraftforge.fml.loading.moddiscovery.ModFileParser/LOADING]: Mod file /workspaces/trabajo/servidor_minecraft/libraries/net/minecraftforge/lowcodelanguage/1.20.1-47.3.7/lowcodelanguage-1.20.1-47.3.7.jar is missing mods.toml file
[16Jun2025 03:09:12.591] [main/WARN] [net.minecraftforge.fml.loading.moddiscovery.ModFileParser/LOADING]: Mod file /workspaces/trabajo/servidor_minecraft/libraries/net/minecraftforge/mclanguage/1.20.1-47.3.7/mclanguage-1.20.1-47.3.7.jar is missing mods.toml file
[16Jun2025 03:09:13.516] [main/WARN] [net.minecraftforge.jarjar.selection.JarSelector/]: Attempted to select two dependency jars from JarJar which have the same identification: Mod File:  and Mod File: . Using Mod File: 
[16Jun2025 03:09:13.518] [main/INFO] [net.minecraftforge.fml.loading.moddiscovery.JarInJarDependencyLocator/]: Found 42 dependencies adding them to mods collection
[16Jun2025 03:09:13.947] [main/INFO] [org.groovymc.gml.mappings.MappingsProvider/]: Starting runtime mappings setup...
[16Jun2025 03:09:13.969] [main/INFO] [org.groovymc.gml.internal.locator.ModLocatorInjector/]: Injecting ScriptModLocator candidates...
[16Jun2025 03:09:13.982] [main/INFO] [org.groovymc.gml.scriptmods.ScriptModLocator/]: Injected Jimfs file system
[16Jun2025 03:09:13.989] [main/INFO] [org.groovymc.gml.scriptmods.ScriptModLocator/]: Skipped loading script mods from directory /workspaces/trabajo/servidor_minecraft/mods/scripts as it did not exist.
[16Jun2025 03:09:14.001] [main/INFO] [org.groovymc.gml.internal.locator.ModLocatorInjector/]: Injected ScriptModLocator mod candidates. Found 0 valid mod candidates and 0 broken mod files.
[16Jun2025 03:09:17.022] [GML Mappings Thread/INFO] [org.groovymc.gml.mappings.MappingsProvider/]: Loaded runtime mappings in 2852ms
[16Jun2025 03:09:17.026] [GML Mappings Thread/INFO] [org.groovymc.gml.mappings.MappingsProvider/]: Finished runtime mappings setup.
[16Jun2025 03:09:18.542] [main/INFO] [mixin/]: Compatibility level set to JAVA_17
[16Jun2025 03:09:18.556] [main/ERROR] [mixin/]: Mixin config hamsters.mixins.json does not specify "minVersion" property
[16Jun2025 03:09:18.926] [main/INFO] [mixin/]: Successfully loaded Mixin Connector [com.sonicether.soundphysics.MixinConnector]
[16Jun2025 03:09:18.928] [main/INFO] [mixin/]: Successfully loaded Mixin Connector [de.maxhenkel.tradecycling.MixinConnector]
[16Jun2025 03:09:18.934] [main/INFO] [cpw.mods.modlauncher.LaunchServiceHandler/MODLAUNCHER]: Launching target 'forgeserver' with arguments [nogui]
[16Jun2025 03:09:18.959] [main/WARN] [mixin/]: Reference map 'hamsters.refmap.json' for hamsters.mixins.json could not be read. If this is a development environment you can ignore this message
[16Jun2025 03:09:19.203] [main/WARN] [mixin/]: Reference map 'betterjukebox-forge-refmap.json' for betterjukebox-forge.mixins.json could not be read. If this is a development environment you can ignore this message
[16Jun2025 03:09:19.210] [main/WARN] [mixin/]: Reference map 'puzzlesaccessapi.common.refmap.json' for puzzlesaccessapi.common.mixins.json could not be read. If this is a development environment you can ignore this message
[16Jun2025 03:09:19.275] [main/WARN] [mixin/]: Reference map 'coroutil.refmap.json' for coroutil.mixins.json could not be read. If this is a development environment you can ignore this message
[16Jun2025 03:09:19.306] [main/INFO] [Puzzles Lib/]: Loading 117 mods:
	- advancednetherite 2.1.3
	- alexscaves 2.0.2
	- alexsmobs 1.22.9
	- appleskin 2.5.1+mc1.20.1
	- architectury 9.2.14
	- artifacts 9.5.16
		\-- expandability 9.0.4
	- balm 7.3.31
		\-- kuma_api 20.1.10
	- betterendcities 1.0.0-1.20.1
	- betterendisland 1.20-Forge-2.0.6
	- betterjukebox 1.20-1.3
	- bettermcdonaldsmod 1.20.1-3.1.0
	- bhc 1.20.1-1.1.0
	- biomesoplenty 18.0.0.592
	- blueprint 7.1.3
	- bookshelf 20.0.1
	- botanypots 13.0.41
	- botanytrees 9.0.18
	- buildinggadgets2 1.0.7
	- caelus 3.2.0+1.20.1
	- carryon 2.1.2.7
		\-- mixinextras 0.2.0-beta.6
	- chat_heads 0.13.18
	- citadel 2.6.1
	- clay 1.0.0
	- cloth_config 11.1.136
	- commongroovylibrary 0.3.3
	- coroutil 1.20.1-1.3.7
	- cosmeticarmorreworked 1.20.1-v1a
	- create 6.0.6
		|-- flywheel 1.0.4
		\-- ponder 1.0.80
	- create_kart 2.3.0
	- create_oppenheimered 1.0.5
	- creativecore 2.12.32
	- curios 5.14.1+1.20.1
	- disenchanting_table 5.0.2
	- dungeoncrawl 2.3.15
	- easy_villagers 1.20.1-1.1.23
	- eatinganimation 5.1.0
	- elementaryores 1.1.0
	- emojiful 4.2.0
	- enchantinginfuser 8.0.3
	- endermanoverhaul 1.0.4
	- endrem 5.3.3-R-1.20.1
	- explorerscompass 1.20.1-1.3.3-forge
	- fairylights 7.0.0
	- fallingtree 4.3.4
	- farmersdelight 1.20.1-1.2.8
	- flib 0.0.15
	- forge 47.3.7
	- framedblocks 9.4.1
	- framework 0.7.15
	- ftblibrary 2001.2.9
	- ftbultimine 2001.1.5
	- functionalstorage 1.20.1-1.2.10
	- geckolib 4.7.1.3
	- gml 4.0.11
	- goblintraders 1.9.3
	- guardvillagers 1.20.1-1.6.10
	- hamsters 1.20.1-1.0.3
	- iammusicplayer 3.22.0-alpha.5
	- iceberg 1.1.25
	- immersive_aircraft 1.2.2+1.20.1
	- incendium 5.3.5
	- ironchest 1.20.1-14.4.4
	- ironfurnaces 4.1.6
	- irons_spellbooks 1.20.1-3.4.0.9
	- jei 15.20.0.106
	- jellyfishing 2.0.0
	- jellyfishingdelight 1.0.6
	- lexiconfig 1.4.18-1
	- lootr 0.7.35.91
	- mahoutsukai 1.20.1-v1.34.78
	- mantle 1.11.63
	- minecraft 1.20.1
	- monolib 2.1.0
	- moonlight 1.20-2.14.4
	- mowziesmobs 1.7.3
	- mr_tidal_towns 1.3.4
	- myserveriscompatible 1.0
	- naturescompass 1.20.1-1.11.2-forge
	- notenoughanimations 1.9.3
	- otyacraftengine 3.7.0-alpha.2
	- outer_end 1.0.8
	- phantasm 1.0.1
	- playeranimator 1.0.2-rc1+1.20
	- portable_blueprints 1.5.1
	- projecte 1.0.1
	- protection_pixel 1.1.6
	- puzzleslib 8.1.32
		\-- puzzlesaccessapi 20.1.1
	- reliquary 2.0.45.1248
	- resourcefulconfig 2.1.3
	- resourcefullib 2.1.29
	- securitycraft 1.10.0.1
	- simplylight 1.20.1-1.4.6-build.50
	- skinlayers3d 1.7.5
	- skinrestorer 2.3.3+1.20-forge
	- sophisticatedbackpacks 3.23.19.1251
	- sophisticatedcore 1.2.69.1005
	- sound_physics_remastered 1.20.1-1.4.13
	- tacz 1.1.6
	- tconstruct 3.10.1.76
	- tectonic 2.4.1
	- terrablender 3.0.1.10
	- titanium 3.8.32
	- trade_cycling 1.20.1-1.0.7
	- veinmining 1.5.0+1.20.1
		\-- spectrelib 0.13.15+1.20.1
	- villagergolemhealer 1.0.0
	- voicechat 1.20.1-2.5.30
	- watut 1.20.1-1.2.3
	- waystones 14.1.13
	- wither_drops_netherite_templates 1.0.0
	- yungsapi 1.20-Forge-4.0.6
[16Jun2025 03:09:21.646] [main/INFO] [MixinExtras|Service/]: Initializing MixinExtras via com.llamalad7.mixinextras.service.MixinExtrasServiceImpl(version=0.4.1).
[16Jun2025 03:09:28.615] [main/WARN] [mixin/]: @Final field f_26027_:Lnet/minecraft/world/entity/ai/targeting/TargetingConditions; in guardvillagers.mixins.json:DefendVillageGoalGolemMixin should be final
[16Jun2025 03:09:30.192] [main/WARN] [mixin/]: Mixin alexscaves.mixins.json:SwampHutPieceMixin has multiple constructors, (Lnet/minecraft/world/level/levelgen/structure/pieces/StructurePieceType;IIIIIILnet/minecraft/core/Direction;)V was selected

[16Jun2025 03:09:30.886] [main/INFO] [org.groovymc.gml.internal.ModExtensionLoader/]: Skipping extension class org.groovymc.cgl.api.extension.client.MinecraftExtensions: it requires dist CLIENT, but we're running on DEDICATED_SERVER
[16Jun2025 03:09:31.460] [modloading-worker-0/INFO] [Bookshelf/]: Fixing MC-151457. Crafting remainder for minecraft:pufferfish_bucket is now minecraft:bucket.
[16Jun2025 03:09:31.461] [modloading-worker-0/INFO] [Bookshelf/]: Fixing MC-151457. Crafting remainder for minecraft:salmon_bucket is now minecraft:bucket.
[16Jun2025 03:09:31.461] [modloading-worker-0/INFO] [Bookshelf/]: Fixing MC-151457. Crafting remainder for minecraft:cod_bucket is now minecraft:bucket.
[16Jun2025 03:09:31.463] [modloading-worker-0/INFO] [Bookshelf/]: Fixing MC-151457. Crafting remainder for minecraft:tropical_fish_bucket is now minecraft:bucket.
[16Jun2025 03:09:31.463] [modloading-worker-0/INFO] [Bookshelf/]: Fixing MC-151457. Crafting remainder for minecraft:axolotl_bucket is now minecraft:bucket.
[16Jun2025 03:09:31.463] [modloading-worker-0/INFO] [Bookshelf/]: Fixing MC-151457. Crafting remainder for minecraft:powder_snow_bucket is now minecraft:bucket.
[16Jun2025 03:09:31.463] [modloading-worker-0/INFO] [Bookshelf/]: Fixing MC-151457. Crafting remainder for minecraft:tadpole_bucket is now minecraft:bucket.
[16Jun2025 03:09:31.512] [modloading-worker-0/WARN] [net.minecraftforge.common.ForgeConfigSpec/CORE]: Configuration file /workspaces/trabajo/servidor_minecraft/config/guardvillagers-common.toml is not correct. Correcting
[16Jun2025 03:09:32.017] [modloading-worker-0/INFO] [gml/]: Initialised GML mod. Version: 4.0.11
[16Jun2025 03:09:32.220] [modloading-worker-0/INFO] [ironfurnaces.IronFurnaces/]: Initializing Update Checker...
[16Jun2025 03:09:32.229] [ Iron Furnaces Update Checker/INFO] [ironfurnaces.IronFurnaces/]: Starting Update Check...
[16Jun2025 03:09:32.301] [modloading-worker-0/INFO] [com.autovw.advancednetherite.AdvancedNetherite/]: Initializing platform helper for Advanced Netherite!
[16Jun2025 03:09:32.366] [modloading-worker-0/INFO] [dev.architectury.networking.forge.NetworkManagerImpl/]: Registering C2S receiver with id architectury:sync_ids
[16Jun2025 03:09:32.367] [modloading-worker-0/INFO] [dev.architectury.networking.forge.NetworkManagerImpl/]: Registering C2S receiver with id ftbultimine:key_pressed
[16Jun2025 03:09:32.374] [modloading-worker-0/INFO] [dev.architectury.networking.forge.NetworkManagerImpl/]: Registering C2S receiver with id ftbultimine:mode_changed
[16Jun2025 03:09:32.377] [modloading-worker-0/INFO] [dev.architectury.networking.forge.NetworkManagerImpl/]: Registering C2S receiver with id ftbultimine:sync_config_to_server
[16Jun2025 03:09:32.644] [modloading-worker-0/INFO] [dev.architectury.networking.forge.NetworkManagerImpl/]: Registering C2S receiver with id iammusicplayer:music_sync
[16Jun2025 03:09:32.645] [modloading-worker-0/INFO] [dev.architectury.networking.forge.NetworkManagerImpl/]: Registering C2S receiver with id iammusicplayer:music_playlist_add
[16Jun2025 03:09:32.645] [modloading-worker-0/INFO] [dev.architectury.networking.forge.NetworkManagerImpl/]: Registering C2S receiver with id otyacraftengine:block_entity_instruction
[16Jun2025 03:09:32.645] [modloading-worker-0/INFO] [dev.architectury.networking.forge.NetworkManagerImpl/]: Registering C2S receiver with id iammusicplayer:music_playlist_edit
[16Jun2025 03:09:32.650] [modloading-worker-0/INFO] [dev.architectury.networking.forge.NetworkManagerImpl/]: Registering C2S receiver with id iammusicplayer:music_playlist_change_authority
[16Jun2025 03:09:32.650] [modloading-worker-0/INFO] [dev.architectury.networking.forge.NetworkManagerImpl/]: Registering C2S receiver with id otyacraftengine:item_instruction
[16Jun2025 03:09:32.651] [modloading-worker-0/INFO] [dev.architectury.networking.forge.NetworkManagerImpl/]: Registering C2S receiver with id iammusicplayer:music_add
[16Jun2025 03:09:32.676] [modloading-worker-0/INFO] [dev.architectury.networking.forge.NetworkManagerImpl/]: Registering C2S receiver with id iammusicplayer:music_edit
[16Jun2025 03:09:32.695] [modloading-worker-0/INFO] [dev.architectury.networking.forge.NetworkManagerImpl/]: Registering C2S receiver with id iammusicplayer:music_ring_ready_result
[16Jun2025 03:09:32.695] [modloading-worker-0/INFO] [dev.architectury.networking.forge.NetworkManagerImpl/]: Registering C2S receiver with id iammusicplayer:music_ring_update_result
[16Jun2025 03:09:32.697] [modloading-worker-0/INFO] [dev.architectury.networking.forge.NetworkManagerImpl/]: Registering C2S receiver with id iammusicplayer:music_or_playlist_delete
[16Jun2025 03:09:32.697] [modloading-worker-0/INFO] [dev.architectury.networking.forge.NetworkManagerImpl/]: Registering C2S receiver with id iammusicplayer:multiple_music_add
[16Jun2025 03:09:32.698] [modloading-worker-0/INFO] [dev.architectury.networking.forge.NetworkManagerImpl/]: Registering C2S receiver with id iammusicplayer:hand_lid_cycle
[16Jun2025 03:09:33.173] [modloading-worker-0/INFO] [Puzzles Lib/]: Constructing common components for enchantinginfuser:main
[16Jun2025 03:09:33.194] [modloading-worker-0/INFO] [dev.architectury.networking.forge.NetworkManagerImpl/]: Registering C2S receiver with id ftblibrary:edit_nbt_response
[16Jun2025 03:09:33.363] [ Iron Furnaces Update Checker/INFO] [ironfurnaces.IronFurnaces/]: Update Check done!
[16Jun2025 03:09:33.364] [ Iron Furnaces Update Checker/INFO] [ironfurnaces.IronFurnaces/]: Iron Furnaces is up to date!
[16Jun2025 03:09:33.478] [modloading-worker-0/INFO] [dev.architectury.networking.forge.NetworkManagerImpl/]: Registering C2S receiver with id artifacts:networking_channel/42a7ad70b1cc371599a0eff744096b8a
[16Jun2025 03:09:33.479] [modloading-worker-0/INFO] [dev.architectury.networking.forge.NetworkManagerImpl/]: Registering C2S receiver with id artifacts:networking_channel/74a5e841822a3a87854ae896a33430d6
[16Jun2025 03:09:33.483] [modloading-worker-0/INFO] [dev.architectury.networking.forge.NetworkManagerImpl/]: Registering C2S receiver with id artifacts:networking_channel/eb3d1e2748533430848cadf0f37c7e9c
[16Jun2025 03:09:33.486] [modloading-worker-0/INFO] [dev.architectury.networking.forge.NetworkManagerImpl/]: Registering C2S receiver with id artifacts:networking_channel/91c8520f19f93b3e8b6a727568e194ab
[16Jun2025 03:09:33.487] [modloading-worker-0/INFO] [dev.architectury.networking.forge.NetworkManagerImpl/]: Registering C2S receiver with id artifacts:networking_channel/8c2784d778293fd482ed84b8aa5fedb9
[16Jun2025 03:09:33.489] [modloading-worker-0/INFO] [dev.architectury.networking.forge.NetworkManagerImpl/]: Registering C2S receiver with id artifacts:networking_channel/ea038224ea783d40b2863f52239e2604
[16Jun2025 03:09:33.491] [modloading-worker-0/INFO] [dev.architectury.networking.forge.NetworkManagerImpl/]: Registering C2S receiver with id artifacts:networking_channel/97ad64b7ecaf33209991c4f031501a58
[16Jun2025 03:09:33.591] [modloading-worker-0/INFO] [Dungeon Crawl/]: Here we go! Launching Dungeon Crawl 2.3.15...
[16Jun2025 03:09:33.676] [modloading-worker-0/INFO] [coroutil/]: forge loader environment detected
[16Jun2025 03:09:33.760] [modloading-worker-0/INFO] [net.minecraftforge.common.ForgeMod/FORGEMOD]: Forge mod loading, version 47.3.7, for MC 1.20.1 with MCP 20230612.114412
[16Jun2025 03:09:33.760] [modloading-worker-0/INFO] [net.minecraftforge.common.MinecraftForge/FORGE]: MinecraftForge v47.3.7 Initialized
[16Jun2025 03:09:34.578] [modloading-worker-0/INFO] [PluginManager/]: Scanning classes for titanium
[16Jun2025 03:09:34.748] [modloading-worker-0/INFO] [com.simibubi.create.Create/]: Create 6.0.6 initializing! Commit hash: 338bfa0aec952fa51656e8f61bd621ca9b3b2e00
[16Jun2025 03:09:35.203] [modloading-worker-0/INFO] [Lexiconfig/]: Beginning lexicon shelving!
[16Jun2025 03:09:35.236] [modloading-worker-0/INFO] [Lexiconfig/]: Shelved lexicon com.codinglitch.lexiconfig.LexiconfigConfig@399c9166!
[16Jun2025 03:09:36.160] [modloading-worker-0/INFO] [PluginManager/]: Scanning classes for functionalstorage
[16Jun2025 03:09:36.175] [modloading-worker-0/INFO] [Puzzles Lib/]: Constructing common components for puzzleslib:main
[16Jun2025 03:09:36.175] [modloading-worker-0/INFO] [be.florens.expandability.ExpandAbility/]: ExpandAbility here, who dis?
[16Jun2025 03:09:36.313] [modloading-worker-0/INFO] [End's Phantasm/]: Registering Sounds for mod id : phantasm
[16Jun2025 03:09:36.315] [modloading-worker-0/INFO] [End's Phantasm/]: Loading Configs for Phantasm
[16Jun2025 03:09:44.558] [main/WARN] [dev.architectury.registry.registries.forge.RegistrarManagerImpl/]: Registry entry listened Registry Entry [minecraft:entity_type / artifacts:mimic] was not realized!
[16Jun2025 03:09:44.560] [main/WARN] [dev.architectury.registry.registries.forge.RegistrarManagerImpl/]: Registry entry listened Registry Entry [minecraft:entity_type / artifacts:mimic] was not realized!
[16Jun2025 03:09:44.560] [main/WARN] [dev.architectury.registry.registries.forge.RegistrarManagerImpl/]: Registry entry listened Registry Entry [minecraft:entity_type / artifacts:mimic] was not realized!
[16Jun2025 03:09:44.902] [main/WARN] [Moonlight/]: Failed to find custom wood type biomesoplenty:red_maple
[16Jun2025 03:09:44.902] [main/WARN] [Moonlight/]: Failed to find custom wood type biomesoplenty:orange_maple
[16Jun2025 03:09:44.902] [main/WARN] [Moonlight/]: Failed to find custom wood type biomesoplenty:yellow_maple
[16Jun2025 03:09:44.914] [main/INFO] [Moonlight/]: Initialized block sets in 24ms
[16Jun2025 03:09:46.015] [main/WARN] [net.minecraft.network.syncher.SynchedEntityData/]: defineId called for: class com.github.alexmodguy.alexscaves.server.entity.living.TremorzillaEntity from class com.github.alexmodguy.alexscaves.server.entity.living.LicowitchEntity
[16Jun2025 03:09:46.068] [main/WARN] [net.minecraftforge.common.ForgeConfigSpec/CORE]: Configuration file /workspaces/trabajo/servidor_minecraft/config/guardvillagers-common.toml is not correct. Correcting
[16Jun2025 03:09:46.070] [Thread-4/WARN] [net.minecraftforge.fml.config.ConfigFileTypeHandler/CONFIG]: Configuration file /workspaces/trabajo/servidor_minecraft/config/guardvillagers-common.toml is not correct. Correcting
[16Jun2025 03:09:46.333] [modloading-worker-0/INFO] [moze_intel.projecte.PECore/]: Found and loaded EMC mapper: CraftingMapper, with priority 0
[16Jun2025 03:09:46.346] [modloading-worker-0/INFO] [moze_intel.projecte.PECore/]: Found and loaded EMC mapper: CustomConversionMapper, with priority 0
[16Jun2025 03:09:46.347] [modloading-worker-0/INFO] [moze_intel.projecte.PECore/]: Found and loaded EMC mapper: WeatheredCopperMapper, with priority 0
[16Jun2025 03:09:46.351] [modloading-worker-0/INFO] [moze_intel.projecte.PECore/]: Found and loaded EMC mapper: TippedArrowMapper, with priority 0
[16Jun2025 03:09:46.351] [modloading-worker-0/INFO] [moze_intel.projecte.PECore/]: Found and loaded EMC mapper: RawOresBlacklistMapper, with priority 0
[16Jun2025 03:09:46.352] [modloading-worker-0/INFO] [moze_intel.projecte.PECore/]: Found and loaded EMC mapper: OresBlacklistMapper, with priority 0
[16Jun2025 03:09:46.352] [modloading-worker-0/INFO] [moze_intel.projecte.PECore/]: Found and loaded EMC mapper: CustomEMCMapper, with priority 0
[16Jun2025 03:09:46.355] [modloading-worker-0/INFO] [moze_intel.projecte.PECore/]: Found and loaded EMC mapper: BrewingMapper, with priority 0
[16Jun2025 03:09:46.362] [modloading-worker-0/INFO] [moze_intel.projecte.PECore/]: Found and loaded EMC mapper: APICustomEMCMapper, with priority 0
[16Jun2025 03:09:46.381] [modloading-worker-0/INFO] [moze_intel.projecte.PECore/]: Found and loaded RecipeType Mapper: VanillaRecipeTypes, with priority 0
[16Jun2025 03:09:46.382] [modloading-worker-0/INFO] [moze_intel.projecte.PECore/]: Found and loaded RecipeType Mapper: Smithing, with priority 0
[16Jun2025 03:09:46.383] [modloading-worker-0/INFO] [moze_intel.projecte.PECore/]: Found and loaded RecipeType Mapper: FallbackRecipeType, with priority -2147483648
[16Jun2025 03:09:46.400] [modloading-worker-0/INFO] [moze_intel.projecte.PECore/]: Found and loaded NBT Processor: StoredEMCProcessor, with priority 0
[16Jun2025 03:09:46.402] [modloading-worker-0/INFO] [moze_intel.projecte.PECore/]: Found and loaded NBT Processor: EnchantmentProcessor, with priority 0
[16Jun2025 03:09:46.405] [modloading-worker-0/INFO] [moze_intel.projecte.PECore/]: Found and loaded NBT Processor: DecoratedPotProcessor, with priority 0
[16Jun2025 03:09:46.413] [modloading-worker-0/INFO] [moze_intel.projecte.PECore/]: Found and loaded NBT Processor: DamageProcessor, with priority 2147483647
[16Jun2025 03:09:46.420] [modloading-worker-0/INFO] [moze_intel.projecte.PECore/]: Found and loaded NBT Processor: ArmorTrimProcessor, with priority 0
[16Jun2025 03:09:46.487] [modloading-worker-0/INFO] [Dungeon Crawl/]: Common Setup
[16Jun2025 03:09:46.515] [Forge Version Check/INFO] [net.minecraftforge.fml.VersionChecker/]: [projecte] Starting version check at https://raw.githubusercontent.com/sinkillerj/ProjectE/mc1.20.x/update.json
[16Jun2025 03:09:46.524] [modloading-worker-0/INFO] [voicechat/]: [voicechat] Compatibility version 18
[16Jun2025 03:09:46.715] [modloading-worker-0/INFO] [voicechat/]: [voicechat] Loading plugins
[16Jun2025 03:09:46.758] [modloading-worker-0/INFO] [voicechat/]: [voicechat] Loaded 1 plugin(s)
[16Jun2025 03:09:46.759] [modloading-worker-0/INFO] [voicechat/]: [voicechat] Initializing plugins
[16Jun2025 03:09:46.801] [modloading-worker-0/INFO] [Sound Physics - General/]: Initializing Simple Voice Chat integration
[16Jun2025 03:09:46.802] [modloading-worker-0/INFO] [voicechat/]: [voicechat] Initialized 1 plugin(s)
[16Jun2025 03:09:46.803] [modloading-worker-0/INFO] [voicechat/]: [voicechat] Registering events for 'sound_physics_remastered'
[16Jun2025 03:09:46.855] [Forge Version Check/INFO] [net.minecraftforge.fml.VersionChecker/]: [projecte] Found status: UP_TO_DATE Current: 1.0.1 Target: null
[16Jun2025 03:09:46.873] [Forge Version Check/INFO] [net.minecraftforge.fml.VersionChecker/]: [bookshelf] Starting version check at https://updates.blamejared.com/get?n=bookshelf&gv=1.20.1
[16Jun2025 03:09:47.499] [Forge Version Check/INFO] [net.minecraftforge.fml.VersionChecker/]: [bookshelf] Found status: BETA_OUTDATED Current: 20.0.1 Target: 20.2.13
[16Jun2025 03:09:47.500] [Forge Version Check/INFO] [net.minecraftforge.fml.VersionChecker/]: [guardvillagers] Starting version check at https://raw.githubusercontent.com/seymourimadeit/guardvillagers/master/update.json
[16Jun2025 03:09:47.515] [Forge Version Check/INFO] [net.minecraftforge.fml.VersionChecker/]: [guardvillagers] Found status: BETA Current: 1.20.1-1.6.10 Target: 1.20-1.6.5
[16Jun2025 03:09:47.515] [Forge Version Check/INFO] [net.minecraftforge.fml.VersionChecker/]: [gml] Starting version check at https://maven.moddinginquisition.org/releases/org/groovymc/gml/gml/forge-promotions.json
[16Jun2025 03:09:47.958] [Forge Version Check/INFO] [net.minecraftforge.fml.VersionChecker/]: [gml] Found status: BETA Current: 4.0.11 Target: null
[16Jun2025 03:09:47.958] [Forge Version Check/INFO] [net.minecraftforge.fml.VersionChecker/]: [botanytrees] Starting version check at https://updates.blamejared.com/get?n=botanytrees&gv=1.20.1
[16Jun2025 03:09:48.033] [main/INFO] [tacz/SYNCED_ENTITY_DATA_TAC_COPY]: Registered synced data key tacz:shoot_cool_down for minecraft:living_entity
[16Jun2025 03:09:48.034] [main/INFO] [tacz/SYNCED_ENTITY_DATA_TAC_COPY]: Registered synced data key tacz:melee_cool_down for minecraft:living_entity
[16Jun2025 03:09:48.034] [main/INFO] [tacz/SYNCED_ENTITY_DATA_TAC_COPY]: Registered synced data key tacz:reload_state for minecraft:living_entity
[16Jun2025 03:09:48.034] [main/INFO] [tacz/SYNCED_ENTITY_DATA_TAC_COPY]: Registered synced data key tacz:aiming_progress for minecraft:living_entity
[16Jun2025 03:09:48.035] [main/INFO] [tacz/SYNCED_ENTITY_DATA_TAC_COPY]: Registered synced data key tacz:draw_cool_down for minecraft:living_entity
[16Jun2025 03:09:48.035] [main/INFO] [tacz/SYNCED_ENTITY_DATA_TAC_COPY]: Registered synced data key tacz:is_aiming for minecraft:living_entity
[16Jun2025 03:09:48.035] [main/INFO] [tacz/SYNCED_ENTITY_DATA_TAC_COPY]: Registered synced data key tacz:sprint_time for minecraft:living_entity
[16Jun2025 03:09:48.035] [main/INFO] [tacz/SYNCED_ENTITY_DATA_TAC_COPY]: Registered synced data key tacz:is_bolting for minecraft:living_entity
[16Jun2025 03:09:48.035] [main/INFO] [tacz/SYNCED_ENTITY_DATA_TAC_COPY]: Registered synced data key tacz:throwable_using for minecraft:living_entity
[16Jun2025 03:09:48.110] [Forge Version Check/INFO] [net.minecraftforge.fml.VersionChecker/]: [botanytrees] Found status: BETA Current: 9.0.18 Target: 9.0.18
[16Jun2025 03:09:48.110] [Forge Version Check/INFO] [net.minecraftforge.fml.VersionChecker/]: [mr_tidal_towns] Starting version check at https://api.modrinth.com/updates/EEIwvQVo/forge_updates.json
[16Jun2025 03:09:48.167] [main/INFO] [terrablender/]: Registered region minecraft:overworld to index 0 for type OVERWORLD
[16Jun2025 03:09:48.168] [main/INFO] [terrablender/]: Registered region minecraft:nether to index 0 for type NETHER
[16Jun2025 03:09:48.168] [main/INFO] [terrablender/]: Registered region biomesoplenty:overworld_primary to index 1 for type OVERWORLD
[16Jun2025 03:09:48.168] [main/INFO] [terrablender/]: Registered region biomesoplenty:overworld_secondary to index 2 for type OVERWORLD
[16Jun2025 03:09:48.168] [main/INFO] [terrablender/]: Registered region biomesoplenty:overworld_rare to index 3 for type OVERWORLD
[16Jun2025 03:09:48.168] [main/INFO] [terrablender/]: Registered region biomesoplenty:nether_common to index 1 for type NETHER
[16Jun2025 03:09:48.168] [main/INFO] [terrablender/]: Registered region biomesoplenty:nether_rare to index 2 for type NETHER
[16Jun2025 03:09:48.241] [main/INFO] [Moonlight/]: Initialized color sets in 65ms
[16Jun2025 03:09:48.348] [Forge Version Check/INFO] [net.minecraftforge.fml.VersionChecker/]: [mr_tidal_towns] Found status: OUTDATED Current: 1.3.4 Target: 1.3.4+mod
[16Jun2025 03:09:48.348] [Forge Version Check/INFO] [net.minecraftforge.fml.VersionChecker/]: [advancednetherite] Starting version check at https://raw.githubusercontent.com/Autovw/ModUpdates/master/advancednetherite/update.json
[16Jun2025 03:09:48.358] [modloading-worker-0/INFO] [io.redspace.ironsspellbooks.IronsSpellbooks/]: Got IMC []
[16Jun2025 03:09:48.368] [Forge Version Check/INFO] [net.minecraftforge.fml.VersionChecker/]: [advancednetherite] Found status: BETA Current: 2.1.3 Target: 2.1.3
[16Jun2025 03:09:48.368] [Forge Version Check/INFO] [net.minecraftforge.fml.VersionChecker/]: [otyacraftengine] Starting version check at https://raw.githubusercontent.com/TeamFelnull/OtyacraftEngine/master/version_check.json
[16Jun2025 03:09:48.387] [Forge Version Check/INFO] [net.minecraftforge.fml.VersionChecker/]: [otyacraftengine] Found status: UP_TO_DATE Current: 3.7.0-alpha.2 Target: null
[16Jun2025 03:09:48.387] [Forge Version Check/INFO] [net.minecraftforge.fml.VersionChecker/]: [iammusicplayer] Starting version check at https://raw.githubusercontent.com/TeamFelnull/IamMusicPlayer/master/version_check.json
[16Jun2025 03:09:48.403] [Forge Version Check/INFO] [net.minecraftforge.fml.VersionChecker/]: [iammusicplayer] Found status: UP_TO_DATE Current: 3.22.0-alpha.5 Target: null
[16Jun2025 03:09:48.403] [Forge Version Check/INFO] [net.minecraftforge.fml.VersionChecker/]: [enchantinginfuser] Starting version check at https://raw.githubusercontent.com/Fuzss/modresources/main/update/enchantinginfuser.json
[16Jun2025 03:09:48.426] [Forge Version Check/INFO] [net.minecraftforge.fml.VersionChecker/]: [enchantinginfuser] Found status: UP_TO_DATE Current: 8.0.3 Target: null
[16Jun2025 03:09:48.426] [Forge Version Check/INFO] [net.minecraftforge.fml.VersionChecker/]: [goblintraders] Starting version check at https://mrcrayfish.com/modupdatejson?id=goblintraders
[16Jun2025 03:09:48.552] [modloading-worker-0/INFO] [Lexiconfig/]: Cataloging lexicon com.codinglitch.lexiconfig.LexiconfigConfig@399c9166!
[16Jun2025 03:09:48.561] [Forge Version Check/WARN] [net.minecraftforge.fml.VersionChecker/]: Failed to process update information
com.google.gson.JsonSyntaxException: java.lang.IllegalStateException: Expected BEGIN_OBJECT but was STRING at line 1 column 1 path $
	at com.google.gson.Gson.fromJson(Gson.java:1226) ~[gson-2.10.jar%2372!/:?]
	at com.google.gson.Gson.fromJson(Gson.java:1124) ~[gson-2.10.jar%2372!/:?]
	at com.google.gson.Gson.fromJson(Gson.java:1034) ~[gson-2.10.jar%2372!/:?]
	at com.google.gson.Gson.fromJson(Gson.java:969) ~[gson-2.10.jar%2372!/:?]
	at net.minecraftforge.fml.VersionChecker$1.process(VersionChecker.java:183) ~[fmlcore-1.20.1-47.3.7.jar%23316!/:?]
	at java.lang.Iterable.forEach(Iterable.java:75) ~[?:?]
	at net.minecraftforge.fml.VersionChecker$1.run(VersionChecker.java:114) ~[fmlcore-1.20.1-47.3.7.jar%23316!/:?]
Caused by: java.lang.IllegalStateException: Expected BEGIN_OBJECT but was STRING at line 1 column 1 path $
	at com.google.gson.stream.JsonReader.beginObject(JsonReader.java:393) ~[gson-2.10.jar%2372!/:?]
	at com.google.gson.internal.bind.MapTypeAdapterFactory$Adapter.read(MapTypeAdapterFactory.java:182) ~[gson-2.10.jar%2372!/:?]
	at com.google.gson.internal.bind.MapTypeAdapterFactory$Adapter.read(MapTypeAdapterFactory.java:144) ~[gson-2.10.jar%2372!/:?]
	at com.google.gson.Gson.fromJson(Gson.java:1214) ~[gson-2.10.jar%2372!/:?]
	... 6 more
[16Jun2025 03:09:48.564] [Forge Version Check/INFO] [net.minecraftforge.fml.VersionChecker/]: [botanypots] Starting version check at https://updates.blamejared.com/get?n=botanypots&gv=1.20.1
[16Jun2025 03:09:48.573] [modloading-worker-0/INFO] [Lexiconfig/]: Lexiconfig cataloging completed!
[16Jun2025 03:09:48.713] [Forge Version Check/INFO] [net.minecraftforge.fml.VersionChecker/]: [botanypots] Found status: BETA Current: 13.0.41 Target: 13.0.41
[16Jun2025 03:09:48.713] [Forge Version Check/INFO] [net.minecraftforge.fml.VersionChecker/]: [puzzlesaccessapi] Starting version check at https://raw.githubusercontent.com/Fuzss/modresources/main/update/puzzlesaccessapi.json
[16Jun2025 03:09:48.726] [Forge Version Check/INFO] [net.minecraftforge.fml.VersionChecker/]: [puzzlesaccessapi] Found status: BETA Current: 20.1.1 Target: null
[16Jun2025 03:09:48.726] [Forge Version Check/INFO] [net.minecraftforge.fml.VersionChecker/]: [forge] Starting version check at https://files.minecraftforge.net/net/minecraftforge/forge/promotions_slim.json
[16Jun2025 03:09:48.938] [Forge Version Check/INFO] [net.minecraftforge.fml.VersionChecker/]: [forge] Found status: OUTDATED Current: 47.3.7 Target: 47.4.0
[16Jun2025 03:09:48.941] [Forge Version Check/INFO] [net.minecraftforge.fml.VersionChecker/]: [voicechat] Starting version check at https://update.maxhenkel.de/forge/voicechat
[16Jun2025 03:09:49.943] [Forge Version Check/INFO] [net.minecraftforge.fml.VersionChecker/]: [voicechat] Found status: AHEAD Current: 1.20.1-2.5.30 Target: null
[16Jun2025 03:09:49.944] [Forge Version Check/INFO] [net.minecraftforge.fml.VersionChecker/]: [sound_physics_remastered] Starting version check at https://update.maxhenkel.de/forge/sound_physics_remastered
[16Jun2025 03:09:50.096] [Forge Version Check/INFO] [net.minecraftforge.fml.VersionChecker/]: [sound_physics_remastered] Found status: AHEAD Current: 1.20.1-1.4.13 Target: null
[16Jun2025 03:09:50.096] [Forge Version Check/INFO] [net.minecraftforge.fml.VersionChecker/]: [trade_cycling] Starting version check at https://maxhenkel.de/update/trade_cycling.json
[16Jun2025 03:09:50.890] [Forge Version Check/INFO] [net.minecraftforge.fml.VersionChecker/]: [trade_cycling] Found status: UP_TO_DATE Current: 1.20.1-1.0.7 Target: null
[16Jun2025 03:09:50.890] [Forge Version Check/INFO] [net.minecraftforge.fml.VersionChecker/]: [moonlight] Starting version check at https://raw.githubusercontent.com/MehVahdJukaar/Moonlight/multi-loader/forge/update.json
[16Jun2025 03:09:50.903] [Forge Version Check/INFO] [net.minecraftforge.fml.VersionChecker/]: [moonlight] Found status: BETA Current: 1.20-2.14.4 Target: null
[16Jun2025 03:09:50.904] [Forge Version Check/INFO] [net.minecraftforge.fml.VersionChecker/]: [easy_villagers] Starting version check at https://update.maxhenkel.de/forge/easy_villagers
[16Jun2025 03:09:51.055] [Forge Version Check/INFO] [net.minecraftforge.fml.VersionChecker/]: [easy_villagers] Found status: OUTDATED Current: 1.20.1-1.1.23 Target: 1.20.1-1.1.29
[16Jun2025 03:09:51.055] [Forge Version Check/INFO] [net.minecraftforge.fml.VersionChecker/]: [iceberg] Starting version check at https://mc-update-check.anthonyhilyard.com/520110
[16Jun2025 03:09:51.446] [Forge Version Check/INFO] [net.minecraftforge.fml.VersionChecker/]: [iceberg] Found status: UP_TO_DATE Current: 1.1.25 Target: null
[16Jun2025 03:09:51.446] [Forge Version Check/INFO] [net.minecraftforge.fml.VersionChecker/]: [securitycraft] Starting version check at https://www.github.com/Geforce132/SecurityCraft/raw/master/Updates/Forge.json
[16Jun2025 03:09:51.861] [Forge Version Check/INFO] [net.minecraftforge.fml.VersionChecker/]: [securitycraft] Found status: UP_TO_DATE Current: 1.10.0.1 Target: null
[16Jun2025 03:09:51.861] [Forge Version Check/INFO] [net.minecraftforge.fml.VersionChecker/]: [puzzleslib] Starting version check at https://raw.githubusercontent.com/Fuzss/modresources/main/update/puzzleslib.json
[16Jun2025 03:09:51.872] [Forge Version Check/INFO] [net.minecraftforge.fml.VersionChecker/]: [puzzleslib] Found status: UP_TO_DATE Current: 8.1.32 Target: null
[16Jun2025 03:09:51.873] [Forge Version Check/INFO] [net.minecraftforge.fml.VersionChecker/]: [elementaryores] Starting version check at https://raw.githubusercontent.com/Lothrazar/elementaryores/master/update.json
[16Jun2025 03:09:52.032] [Forge Version Check/INFO] [net.minecraftforge.fml.VersionChecker/]: [elementaryores] Found status: BETA Current: 1.1.0 Target: null
[16Jun2025 03:09:53.858] [main/INFO] [com.mojang.authlib.yggdrasil.YggdrasilAuthenticationService/]: Environment: authHost='https://authserver.mojang.com', accountsHost='https://api.mojang.com', sessionHost='https://sessionserver.mojang.com', servicesHost='https://api.minecraftservices.com', name='PROD'
[16Jun2025 03:09:57.927] [main/WARN] [net.minecraft.server.packs.VanillaPackResourcesBuilder/]: Assets URL 'union:/workspaces/trabajo/servidor_minecraft/libraries/net/minecraft/server/1.20.1-20230612.114412/server-1.20.1-20230612.114412-srg.jar%23315!/assets/.mcassetsroot' uses unexpected schema
[16Jun2025 03:09:57.928] [main/WARN] [net.minecraft.server.packs.VanillaPackResourcesBuilder/]: Assets URL 'union:/workspaces/trabajo/servidor_minecraft/libraries/net/minecraft/server/1.20.1-20230612.114412/server-1.20.1-20230612.114412-srg.jar%23315!/data/.mcassetsroot' uses unexpected schema
[16Jun2025 03:09:58.078] [main/INFO] [com.simibubi.create.Create/]: Created 479 recipes which will be injected into the game
[16Jun2025 03:09:58.092] [main/INFO] [com.simibubi.create.Create/]: Created 22 tags which will be injected into the game
[16Jun2025 03:10:03.135] [main/INFO] [tacz/GunPackFinder]: Start scanning for gun packs in /workspaces/trabajo/servidor_minecraft/tacz
[16Jun2025 03:10:03.137] [main/INFO] [tacz/GunPackFinder]: - tacz_default_gun, Main namespace: tacz
[16Jun2025 03:10:03.137] [main/INFO] [tacz/GunPackFinder]: Found 1 possible gunpack(s) and added them to resource set.
[16Jun2025 03:10:03.310] [main/INFO] [com.teamabnormals.blueprint.core.Blueprint/]: Successfully loaded 0 data remolders!
[16Jun2025 03:10:05.595] [main/INFO] [com.github.alexthe666.alexsmobs.AlexsMobs/]: Adding datapack listener capsid_recipes
[16Jun2025 03:10:05.849] [Worker-Main-3/ERROR] [net.minecraft.tags.TagLoader/]: No key values in MapLike[{"replace":false,"value":["jellyfishingdelight:grill"]}]
[16Jun2025 03:10:05.850] [Worker-Main-3/ERROR] [net.minecraft.tags.TagLoader/]: Couldn't read tag list minecraft:mineable/pickaxe from minecraft:tags/blocks/mineable/pickaxe.json in data pack jellyfishingdelight-1.0.6.jar
java.lang.RuntimeException: No key values in MapLike[{"replace":false,"value":["jellyfishingdelight:grill"]}]
	at com.mojang.serialization.DataResult.lambda$getOrThrow$5(DataResult.java:101) ~[datafixerupper-6.0.8.jar%2377!/:?]
	at com.mojang.datafixers.util.Either$Right.map(Either.java:99) ~[datafixerupper-6.0.8.jar%2377!/:?]
	at com.mojang.serialization.DataResult.getOrThrow(DataResult.java:93) ~[datafixerupper-6.0.8.jar%2377!/:?]
	at net.minecraft.tags.TagLoader.m_144495_(TagLoader.java:53) ~[server-1.20.1-20230612.114412-srg.jar%23315!/:?]
	at net.minecraft.tags.TagLoader.m_203900_(TagLoader.java:114) ~[server-1.20.1-20230612.114412-srg.jar%23315!/:?]
	at net.minecraft.tags.TagManager.m_203920_(TagManager.java:55) ~[server-1.20.1-20230612.114412-srg.jar%23315!/:?]
	at java.util.concurrent.CompletableFuture$AsyncSupply.run(CompletableFuture.java:1768) ~[?:?]
	at java.util.concurrent.CompletableFuture$AsyncSupply.exec(CompletableFuture.java:1760) ~[?:?]
	at java.util.concurrent.ForkJoinTask.doExec(ForkJoinTask.java:373) ~[?:?]
	at java.util.concurrent.ForkJoinPool$WorkQueue.topLevelExec(ForkJoinPool.java:1182) ~[?:?]
	at java.util.concurrent.ForkJoinPool.scan(ForkJoinPool.java:1655) ~[?:?]
	at java.util.concurrent.ForkJoinPool.runWorker(ForkJoinPool.java:1622) ~[?:?]
	at java.util.concurrent.ForkJoinWorkerThread.run(ForkJoinWorkerThread.java:165) ~[?:?]
[16Jun2025 03:10:05.863] [Worker-Main-3/ERROR] [net.minecraft.tags.TagLoader/]: No key values in MapLike[{"replace":false,"value":["jellyfishingdelight:grill"]}]
[16Jun2025 03:10:05.863] [Worker-Main-3/ERROR] [net.minecraft.tags.TagLoader/]: Couldn't read tag list minecraft:needs_stone_tool from minecraft:tags/blocks/needs_stone_tool.json in data pack jellyfishingdelight-1.0.6.jar
java.lang.RuntimeException: No key values in MapLike[{"replace":false,"value":["jellyfishingdelight:grill"]}]
	at com.mojang.serialization.DataResult.lambda$getOrThrow$5(DataResult.java:101) ~[datafixerupper-6.0.8.jar%2377!/:?]
	at com.mojang.datafixers.util.Either$Right.map(Either.java:99) ~[datafixerupper-6.0.8.jar%2377!/:?]
	at com.mojang.serialization.DataResult.getOrThrow(DataResult.java:93) ~[datafixerupper-6.0.8.jar%2377!/:?]
	at net.minecraft.tags.TagLoader.m_144495_(TagLoader.java:53) ~[server-1.20.1-20230612.114412-srg.jar%23315!/:?]
	at net.minecraft.tags.TagLoader.m_203900_(TagLoader.java:114) ~[server-1.20.1-20230612.114412-srg.jar%23315!/:?]
	at net.minecraft.tags.TagManager.m_203920_(TagManager.java:55) ~[server-1.20.1-20230612.114412-srg.jar%23315!/:?]
	at java.util.concurrent.CompletableFuture$AsyncSupply.run(CompletableFuture.java:1768) ~[?:?]
	at java.util.concurrent.CompletableFuture$AsyncSupply.exec(CompletableFuture.java:1760) ~[?:?]
	at java.util.concurrent.ForkJoinTask.doExec(ForkJoinTask.java:373) ~[?:?]
	at java.util.concurrent.ForkJoinPool$WorkQueue.topLevelExec(ForkJoinPool.java:1182) ~[?:?]
	at java.util.concurrent.ForkJoinPool.scan(ForkJoinPool.java:1655) ~[?:?]
	at java.util.concurrent.ForkJoinPool.runWorker(ForkJoinPool.java:1622) ~[?:?]
	at java.util.concurrent.ForkJoinWorkerThread.run(ForkJoinWorkerThread.java:165) ~[?:?]
[16Jun2025 03:10:05.925] [Worker-Main-3/ERROR] [net.minecraft.tags.TagLoader/]: Couldn't load tag quark:vertical_slabs as it is missing following references: outer_end:azure_vertical_slab (from TheOuterEnd-1.0.10.jar), 
	outer_end:himmel_vertical_slab (from TheOuterEnd-1.0.10.jar), 
	outer_end:violite_vertical_slab (from TheOuterEnd-1.0.10.jar), 
	outer_end:violite_brick_vertical_slab (from TheOuterEnd-1.0.10.jar), 
	outer_end:mossy_violite_brick_vertical_slab (from TheOuterEnd-1.0.10.jar), 
	outer_end:violite_tile_vertical_slab (from TheOuterEnd-1.0.10.jar), 
	outer_end:mossy_violite_tile_vertical_slab (from TheOuterEnd-1.0.10.jar)
[16Jun2025 03:10:05.938] [Worker-Main-1/ERROR] [net.minecraft.tags.TagLoader/]: Couldn't load tag forge:nuts as it is missing following references: minecraft:seanut (from Jellyfishing-2.0.7.jar)
[16Jun2025 03:10:05.948] [Worker-Main-1/ERROR] [net.minecraft.tags.TagLoader/]: Couldn't load tag quark:vertical_slabs as it is missing following references: outer_end:azure_vertical_slab (from TheOuterEnd-1.0.10.jar), 
	outer_end:himmel_vertical_slab (from TheOuterEnd-1.0.10.jar), 
	outer_end:violite_vertical_slab (from TheOuterEnd-1.0.10.jar), 
	outer_end:violite_brick_vertical_slab (from TheOuterEnd-1.0.10.jar), 
	outer_end:mossy_violite_brick_vertical_slab (from TheOuterEnd-1.0.10.jar), 
	outer_end:violite_tile_vertical_slab (from TheOuterEnd-1.0.10.jar), 
	outer_end:mossy_violite_tile_vertical_slab (from TheOuterEnd-1.0.10.jar)
[16Jun2025 03:10:06.387] [Worker-Main-1/ERROR] [net.minecraft.server.packs.resources.SimpleJsonResourceReloadListener/]: Couldn't parse data file jellyfishingdelight:cooking/tube_plant_stick from jellyfishingdelight:recipes/cooking/tube_plant_stick.json
com.google.gson.JsonParseException: com.google.gson.stream.MalformedJsonException: Use JsonReader.setLenient(true) to accept malformed JSON at line 1 column 3 path $.
	at net.minecraft.util.GsonHelper.m_13780_(GsonHelper.java:526) ~[server-1.20.1-20230612.114412-srg.jar%23315!/:?]
	at net.minecraft.util.GsonHelper.m_263475_(GsonHelper.java:531) ~[server-1.20.1-20230612.114412-srg.jar%23315!/:?]
	at net.minecraft.util.GsonHelper.m_13776_(GsonHelper.java:581) ~[server-1.20.1-20230612.114412-srg.jar%23315!/:?]
	at net.minecraft.server.packs.resources.SimpleJsonResourceReloadListener.m_278771_(SimpleJsonResourceReloadListener.java:41) ~[server-1.20.1-20230612.114412-srg.jar%23315!/:?]
	at net.minecraft.server.packs.resources.SimpleJsonResourceReloadListener.m_5944_(SimpleJsonResourceReloadListener.java:29) ~[server-1.20.1-20230612.114412-srg.jar%23315!/:?]
	at net.minecraft.server.packs.resources.SimpleJsonResourceReloadListener.m_5944_(SimpleJsonResourceReloadListener.java:17) ~[server-1.20.1-20230612.114412-srg.jar%23315!/:?]
	at net.minecraft.server.packs.resources.SimplePreparableReloadListener.m_10786_(SimplePreparableReloadListener.java:11) ~[server-1.20.1-20230612.114412-srg.jar%23315!/:?]
	at java.util.concurrent.CompletableFuture$AsyncSupply.run(CompletableFuture.java:1768) ~[?:?]
	at java.util.concurrent.CompletableFuture$AsyncSupply.exec(CompletableFuture.java:1760) ~[?:?]
	at java.util.concurrent.ForkJoinTask.doExec(ForkJoinTask.java:373) ~[?:?]
	at java.util.concurrent.ForkJoinPool$WorkQueue.topLevelExec(ForkJoinPool.java:1182) ~[?:?]
	at java.util.concurrent.ForkJoinPool.scan(ForkJoinPool.java:1655) ~[?:?]
	at java.util.concurrent.ForkJoinPool.runWorker(ForkJoinPool.java:1622) ~[?:?]
	at java.util.concurrent.ForkJoinWorkerThread.run(ForkJoinWorkerThread.java:165) ~[?:?]
Caused by: com.google.gson.stream.MalformedJsonException: Use JsonReader.setLenient(true) to accept malformed JSON at line 1 column 3 path $.
	at com.google.gson.stream.JsonReader.syntaxError(JsonReader.java:1657) ~[gson-2.10.jar%2372!/:?]
	at com.google.gson.stream.JsonReader.checkLenient(JsonReader.java:1463) ~[gson-2.10.jar%2372!/:?]
	at com.google.gson.stream.JsonReader.doPeek(JsonReader.java:517) ~[gson-2.10.jar%2372!/:?]
	at com.google.gson.stream.JsonReader.hasNext(JsonReader.java:422) ~[gson-2.10.jar%2372!/:?]
	at com.google.gson.internal.bind.TypeAdapters$28.read(TypeAdapters.java:779) ~[gson-2.10.jar%2372!/:?]
	at com.google.gson.internal.bind.TypeAdapters$28.read(TypeAdapters.java:725) ~[gson-2.10.jar%2372!/:?]
	at com.google.gson.internal.bind.TypeAdapters$34$1.read(TypeAdapters.java:1007) ~[gson-2.10.jar%2372!/:?]
	at net.minecraft.util.GsonHelper.m_13780_(GsonHelper.java:524) ~[server-1.20.1-20230612.114412-srg.jar%23315!/:?]
	... 13 more
[16Jun2025 03:10:06.781] [Worker-Main-3/ERROR] [net.minecraftforge.common.ForgeHooks/]: Couldn't parse element loot_tables:outer_end:blocks/azure_vertical_slab
java.lang.IllegalArgumentException: Can't find block outer_end:azure_vertical_slab
	at net.minecraft.world.level.storage.loot.predicates.LootItemBlockStatePropertyCondition$Serializer.m_81802_(LootItemBlockStatePropertyCondition.java:79) ~[server-1.20.1-20230612.114412-srg.jar%23315!/:?]
	at java.util.Optional.orElseThrow(Optional.java:403) ~[?:?]
	at net.minecraft.world.level.storage.loot.predicates.LootItemBlockStatePropertyCondition$Serializer.m_7561_(LootItemBlockStatePropertyCondition.java:79) ~[server-1.20.1-20230612.114412-srg.jar%23315!/:?]
	at net.minecraft.world.level.storage.loot.predicates.LootItemBlockStatePropertyCondition$Serializer.m_7561_(LootItemBlockStatePropertyCondition.java:68) ~[server-1.20.1-20230612.114412-srg.jar%23315!/:?]
	at net.minecraft.world.level.storage.loot.GsonAdapterFactory$JsonAdapter.deserialize(GsonAdapterFactory.java:102) ~[server-1.20.1-20230612.114412-srg.jar%23315!/:?]
	at com.google.gson.internal.bind.TreeTypeAdapter.read(TreeTypeAdapter.java:76) ~[gson-2.10.jar%2372!/:?]
	at com.google.gson.internal.bind.TypeAdapterRuntimeTypeWrapper.read(TypeAdapterRuntimeTypeWrapper.java:40) ~[gson-2.10.jar%2372!/:?]
	at com.google.gson.internal.bind.ArrayTypeAdapter.read(ArrayTypeAdapter.java:72) ~[gson-2.10.jar%2372!/:?]
	at com.google.gson.Gson.fromJson(Gson.java:1214) ~[gson-2.10.jar%2372!/:?]
	at com.google.gson.Gson.fromJson(Gson.java:1319) ~[gson-2.10.jar%2372!/:?]
	at com.google.gson.Gson.fromJson(Gson.java:1290) ~[gson-2.10.jar%2372!/:?]
	at com.google.gson.internal.bind.TreeTypeAdapter$GsonContextImpl.deserialize(TreeTypeAdapter.java:179) ~[gson-2.10.jar%2372!/:?]
	at net.minecraft.util.GsonHelper.m_13808_(GsonHelper.java:463) ~[server-1.20.1-20230612.114412-srg.jar%23315!/:?]
	at net.minecraft.util.GsonHelper.m_13845_(GsonHelper.java:481) ~[server-1.20.1-20230612.114412-srg.jar%23315!/:?]
	at net.minecraft.world.level.storage.loot.functions.LootItemConditionalFunction$Serializer.m_7561_(LootItemConditionalFunction.java:98) ~[server-1.20.1-20230612.114412-srg.jar%23315!/:?]
	at net.minecraft.world.level.storage.loot.functions.LootItemConditionalFunction$Serializer.m_7561_(LootItemConditionalFunction.java:88) ~[server-1.20.1-20230612.114412-srg.jar%23315!/:?]
	at net.minecraft.world.level.storage.loot.GsonAdapterFactory$JsonAdapter.deserialize(GsonAdapterFactory.java:102) ~[server-1.20.1-20230612.114412-srg.jar%23315!/:?]
	at com.google.gson.internal.bind.TreeTypeAdapter.read(TreeTypeAdapter.java:76) ~[gson-2.10.jar%2372!/:?]
	at com.google.gson.internal.bind.TypeAdapterRuntimeTypeWrapper.read(TypeAdapterRuntimeTypeWrapper.java:40) ~[gson-2.10.jar%2372!/:?]
	at com.google.gson.internal.bind.ArrayTypeAdapter.read(ArrayTypeAdapter.java:72) ~[gson-2.10.jar%2372!/:?]
	at com.google.gson.Gson.fromJson(Gson.java:1214) ~[gson-2.10.jar%2372!/:?]
	at com.google.gson.Gson.fromJson(Gson.java:1319) ~[gson-2.10.jar%2372!/:?]
	at com.google.gson.Gson.fromJson(Gson.java:1290) ~[gson-2.10.jar%2372!/:?]
	at com.google.gson.internal.bind.TreeTypeAdapter$GsonContextImpl.deserialize(TreeTypeAdapter.java:179) ~[gson-2.10.jar%2372!/:?]
	at net.minecraft.util.GsonHelper.m_13808_(GsonHelper.java:463) ~[server-1.20.1-20230612.114412-srg.jar%23315!/:?]
	at net.minecraft.util.GsonHelper.m_13845_(GsonHelper.java:481) ~[server-1.20.1-20230612.114412-srg.jar%23315!/:?]
	at net.minecraft.world.level.storage.loot.entries.LootPoolSingletonContainer$Serializer.m_5921_(LootPoolSingletonContainer.java:149) ~[server-1.20.1-20230612.114412-srg.jar%23315!/:?]
	at net.minecraft.world.level.storage.loot.entries.LootPoolSingletonContainer$Serializer.m_5921_(LootPoolSingletonContainer.java:129) ~[server-1.20.1-20230612.114412-srg.jar%23315!/:?]
	at net.minecraft.world.level.storage.loot.entries.LootPoolEntryContainer$Serializer.m_7561_(LootPoolEntryContainer.java:86) ~[server-1.20.1-20230612.114412-srg.jar%23315!/:?]
	at net.minecraft.world.level.storage.loot.entries.LootPoolEntryContainer$Serializer.m_7561_(LootPoolEntryContainer.java:74) ~[server-1.20.1-20230612.114412-srg.jar%23315!/:?]
	at net.minecraft.world.level.storage.loot.GsonAdapterFactory$JsonAdapter.deserialize(GsonAdapterFactory.java:102) ~[server-1.20.1-20230612.114412-srg.jar%23315!/:?]
	at com.google.gson.internal.bind.TreeTypeAdapter.read(TreeTypeAdapter.java:76) ~[gson-2.10.jar%2372!/:?]
	at com.google.gson.internal.bind.TypeAdapterRuntimeTypeWrapper.read(TypeAdapterRuntimeTypeWrapper.java:40) ~[gson-2.10.jar%2372!/:?]
	at com.google.gson.internal.bind.ArrayTypeAdapter.read(ArrayTypeAdapter.java:72) ~[gson-2.10.jar%2372!/:?]
	at com.google.gson.Gson.fromJson(Gson.java:1214) ~[gson-2.10.jar%2372!/:?]
	at com.google.gson.Gson.fromJson(Gson.java:1319) ~[gson-2.10.jar%2372!/:?]
	at com.google.gson.Gson.fromJson(Gson.java:1290) ~[gson-2.10.jar%2372!/:?]
	at com.google.gson.internal.bind.TreeTypeAdapter$GsonContextImpl.deserialize(TreeTypeAdapter.java:179) ~[gson-2.10.jar%2372!/:?]
	at net.minecraft.util.GsonHelper.m_13808_(GsonHelper.java:463) ~[server-1.20.1-20230612.114412-srg.jar%23315!/:?]
	at net.minecraft.util.GsonHelper.m_13836_(GsonHelper.java:471) ~[server-1.20.1-20230612.114412-srg.jar%23315!/:?]
	at net.minecraft.world.level.storage.loot.LootPool$Serializer.deserialize(LootPool.java:192) ~[server-1.20.1-20230612.114412-srg.jar%23315!/:?]
	at net.minecraft.world.level.storage.loot.LootPool$Serializer.deserialize(LootPool.java:189) ~[server-1.20.1-20230612.114412-srg.jar%23315!/:?]
	at com.google.gson.internal.bind.TreeTypeAdapter.read(TreeTypeAdapter.java:76) ~[gson-2.10.jar%2372!/:?]
	at com.google.gson.internal.bind.TypeAdapterRuntimeTypeWrapper.read(TypeAdapterRuntimeTypeWrapper.java:40) ~[gson-2.10.jar%2372!/:?]
	at com.google.gson.internal.bind.ArrayTypeAdapter.read(ArrayTypeAdapter.java:72) ~[gson-2.10.jar%2372!/:?]
	at com.google.gson.Gson.fromJson(Gson.java:1214) ~[gson-2.10.jar%2372!/:?]
	at com.google.gson.Gson.fromJson(Gson.java:1319) ~[gson-2.10.jar%2372!/:?]
	at com.google.gson.Gson.fromJson(Gson.java:1290) ~[gson-2.10.jar%2372!/:?]
	at com.google.gson.internal.bind.TreeTypeAdapter$GsonContextImpl.deserialize(TreeTypeAdapter.java:179) ~[gson-2.10.jar%2372!/:?]
	at net.minecraft.util.GsonHelper.m_13808_(GsonHelper.java:463) ~[server-1.20.1-20230612.114412-srg.jar%23315!/:?]
	at net.minecraft.util.GsonHelper.m_13845_(GsonHelper.java:481) ~[server-1.20.1-20230612.114412-srg.jar%23315!/:?]
	at net.minecraft.world.level.storage.loot.LootTable$Serializer.deserialize(LootTable.java:294) ~[server-1.20.1-20230612.114412-srg.jar%23315!/:?]
	at net.minecraft.world.level.storage.loot.LootTable$Serializer.deserialize(LootTable.java:291) ~[server-1.20.1-20230612.114412-srg.jar%23315!/:?]
	at com.google.gson.internal.bind.TreeTypeAdapter.read(TreeTypeAdapter.java:76) ~[gson-2.10.jar%2372!/:?]
	at com.google.gson.Gson.fromJson(Gson.java:1214) ~[gson-2.10.jar%2372!/:?]
	at com.google.gson.Gson.fromJson(Gson.java:1319) ~[gson-2.10.jar%2372!/:?]
	at com.google.gson.Gson.fromJson(Gson.java:1261) ~[gson-2.10.jar%2372!/:?]
	at net.minecraftforge.common.ForgeHooks.loadLootTable(ForgeHooks.java:871) ~[forge-1.20.1-47.3.7-universal.jar%23320!/:?]
	at net.minecraftforge.common.ForgeHooks.lambda$getLootTableDeserializer$3(ForgeHooks.java:848) ~[forge-1.20.1-47.3.7-universal.jar%23320!/:?]
	at net.minecraft.world.level.storage.loot.LootDataType.deserialize(LootDataType.java:45) ~[server-1.20.1-20230612.114412-srg.jar%23315!/:?]
	at net.minecraft.world.level.storage.loot.LootDataManager.lambda$scheduleElementParse$4(LootDataManager.java:56) ~[server-1.20.1-20230612.114412-srg.jar%23315!/:?]
	at java.util.HashMap.forEach(HashMap.java:1421) ~[?:?]
	at net.minecraft.world.level.storage.loot.LootDataManager.m_278660_(LootDataManager.java:55) ~[server-1.20.1-20230612.114412-srg.jar%23315!/:?]
	at java.util.concurrent.CompletableFuture$AsyncRun.run(CompletableFuture.java:1804) ~[?:?]
	at java.util.concurrent.CompletableFuture$AsyncRun.exec(CompletableFuture.java:1796) ~[?:?]
	at java.util.concurrent.ForkJoinTask.doExec(ForkJoinTask.java:373) ~[?:?]
	at java.util.concurrent.ForkJoinPool$WorkQueue.topLevelExec(ForkJoinPool.java:1182) ~[?:?]
	at java.util.concurrent.ForkJoinPool.scan(ForkJoinPool.java:1655) ~[?:?]
	at java.util.concurrent.ForkJoinPool.runWorker(ForkJoinPool.java:1622) ~[?:?]
	at java.util.concurrent.ForkJoinWorkerThread.run(ForkJoinWorkerThread.java:165) ~[?:?]
[16Jun2025 03:10:06.805] [Worker-Main-3/ERROR] [net.minecraftforge.common.ForgeHooks/]: Couldn't parse element loot_tables:outer_end:blocks/azure_ladder
com.google.gson.JsonSyntaxException: Expected name to be an item, was unknown string 'outer_end:azure_ladder'
	at net.minecraft.util.GsonHelper.m_13866_(GsonHelper.java:145) ~[server-1.20.1-20230612.114412-srg.jar%23315!/:?]
	at java.util.Optional.orElseThrow(Optional.java:403) ~[?:?]
	at net.minecraft.util.GsonHelper.m_13874_(GsonHelper.java:145) ~[server-1.20.1-20230612.114412-srg.jar%23315!/:?]
	at net.minecraft.util.GsonHelper.m_13909_(GsonHelper.java:153) ~[server-1.20.1-20230612.114412-srg.jar%23315!/:?]
	at net.minecraft.world.level.storage.loot.entries.LootItem$Serializer.m_7267_(LootItem.java:55) ~[server-1.20.1-20230612.114412-srg.jar%23315!/:?]
	at net.minecraft.world.level.storage.loot.entries.LootItem$Serializer.m_7267_(LootItem.java:40) ~[server-1.20.1-20230612.114412-srg.jar%23315!/:?]
	at net.minecraft.world.level.storage.loot.entries.LootPoolSingletonContainer$Serializer.m_5921_(LootPoolSingletonContainer.java:151) ~[server-1.20.1-20230612.114412-srg.jar%23315!/:?]
	at net.minecraft.world.level.storage.loot.entries.LootPoolSingletonContainer$Serializer.m_5921_(LootPoolSingletonContainer.java:129) ~[server-1.20.1-20230612.114412-srg.jar%23315!/:?]
	at net.minecraft.world.level.storage.loot.entries.LootPoolEntryContainer$Serializer.m_7561_(LootPoolEntryContainer.java:86) ~[server-1.20.1-20230612.114412-srg.jar%23315!/:?]
	at net.minecraft.world.level.storage.loot.entries.LootPoolEntryContainer$Serializer.m_7561_(LootPoolEntryContainer.java:74) ~[server-1.20.1-20230612.114412-srg.jar%23315!/:?]
	at net.minecraft.world.level.storage.loot.GsonAdapterFactory$JsonAdapter.deserialize(GsonAdapterFactory.java:102) ~[server-1.20.1-20230612.114412-srg.jar%23315!/:?]
	at com.google.gson.internal.bind.TreeTypeAdapter.read(TreeTypeAdapter.java:76) ~[gson-2.10.jar%2372!/:?]
	at com.google.gson.internal.bind.TypeAdapterRuntimeTypeWrapper.read(TypeAdapterRuntimeTypeWrapper.java:40) ~[gson-2.10.jar%2372!/:?]
	at com.google.gson.internal.bind.ArrayTypeAdapter.read(ArrayTypeAdapter.java:72) ~[gson-2.10.jar%2372!/:?]
	at com.google.gson.Gson.fromJson(Gson.java:1214) ~[gson-2.10.jar%2372!/:?]
	at com.google.gson.Gson.fromJson(Gson.java:1319) ~[gson-2.10.jar%2372!/:?]
	at com.google.gson.Gson.fromJson(Gson.java:1290) ~[gson-2.10.jar%2372!/:?]
	at com.google.gson.internal.bind.TreeTypeAdapter$GsonContextImpl.deserialize(TreeTypeAdapter.java:179) ~[gson-2.10.jar%2372!/:?]
	at net.minecraft.util.GsonHelper.m_13808_(GsonHelper.java:463) ~[server-1.20.1-20230612.114412-srg.jar%23315!/:?]
	at net.minecraft.util.GsonHelper.m_13836_(GsonHelper.java:471) ~[server-1.20.1-20230612.114412-srg.jar%23315!/:?]
	at net.minecraft.world.level.storage.loot.LootPool$Serializer.deserialize(LootPool.java:192) ~[server-1.20.1-20230612.114412-srg.jar%23315!/:?]
	at net.minecraft.world.level.storage.loot.LootPool$Serializer.deserialize(LootPool.java:189) ~[server-1.20.1-20230612.114412-srg.jar%23315!/:?]
	at com.google.gson.internal.bind.TreeTypeAdapter.read(TreeTypeAdapter.java:76) ~[gson-2.10.jar%2372!/:?]
	at com.google.gson.internal.bind.TypeAdapterRuntimeTypeWrapper.read(TypeAdapterRuntimeTypeWrapper.java:40) ~[gson-2.10.jar%2372!/:?]
	at com.google.gson.internal.bind.ArrayTypeAdapter.read(ArrayTypeAdapter.java:72) ~[gson-2.10.jar%2372!/:?]
	at com.google.gson.Gson.fromJson(Gson.java:1214) ~[gson-2.10.jar%2372!/:?]
	at com.google.gson.Gson.fromJson(Gson.java:1319) ~[gson-2.10.jar%2372!/:?]
	at com.google.gson.Gson.fromJson(Gson.java:1290) ~[gson-2.10.jar%2372!/:?]
	at com.google.gson.internal.bind.TreeTypeAdapter$GsonContextImpl.deserialize(TreeTypeAdapter.java:179) ~[gson-2.10.jar%2372!/:?]
	at net.minecraft.util.GsonHelper.m_13808_(GsonHelper.java:463) ~[server-1.20.1-20230612.114412-srg.jar%23315!/:?]
	at net.minecraft.util.GsonHelper.m_13845_(GsonHelper.java:481) ~[server-1.20.1-20230612.114412-srg.jar%23315!/:?]
	at net.minecraft.world.level.storage.loot.LootTable$Serializer.deserialize(LootTable.java:294) ~[server-1.20.1-20230612.114412-srg.jar%23315!/:?]
	at net.minecraft.world.level.storage.loot.LootTable$Serializer.deserialize(LootTable.java:291) ~[server-1.20.1-20230612.114412-srg.jar%23315!/:?]
	at com.google.gson.internal.bind.TreeTypeAdapter.read(TreeTypeAdapter.java:76) ~[gson-2.10.jar%2372!/:?]
	at com.google.gson.Gson.fromJson(Gson.java:1214) ~[gson-2.10.jar%2372!/:?]
	at com.google.gson.Gson.fromJson(Gson.java:1319) ~[gson-2.10.jar%2372!/:?]
	at com.google.gson.Gson.fromJson(Gson.java:1261) ~[gson-2.10.jar%2372!/:?]
	at net.minecraftforge.common.ForgeHooks.loadLootTable(ForgeHooks.java:871) ~[forge-1.20.1-47.3.7-universal.jar%23320!/:?]
	at net.minecraftforge.common.ForgeHooks.lambda$getLootTableDeserializer$3(ForgeHooks.java:848) ~[forge-1.20.1-47.3.7-universal.jar%23320!/:?]
	at net.minecraft.world.level.storage.loot.LootDataType.deserialize(LootDataType.java:45) ~[server-1.20.1-20230612.114412-srg.jar%23315!/:?]
	at net.minecraft.world.level.storage.loot.LootDataManager.lambda$scheduleElementParse$4(LootDataManager.java:56) ~[server-1.20.1-20230612.114412-srg.jar%23315!/:?]
	at java.util.HashMap.forEach(HashMap.java:1421) ~[?:?]
	at net.minecraft.world.level.storage.loot.LootDataManager.m_278660_(LootDataManager.java:55) ~[server-1.20.1-20230612.114412-srg.jar%23315!/:?]
	at java.util.concurrent.CompletableFuture$AsyncRun.run(CompletableFuture.java:1804) ~[?:?]
	at java.util.concurrent.CompletableFuture$AsyncRun.exec(CompletableFuture.java:1796) ~[?:?]
	at java.util.concurrent.ForkJoinTask.doExec(ForkJoinTask.java:373) ~[?:?]
	at java.util.concurrent.ForkJoinPool$WorkQueue.topLevelExec(ForkJoinPool.java:1182) ~[?:?]
	at java.util.concurrent.ForkJoinPool.scan(ForkJoinPool.java:1655) ~[?:?]
	at java.util.concurrent.ForkJoinPool.runWorker(ForkJoinPool.java:1622) ~[?:?]
	at java.util.concurrent.ForkJoinWorkerThread.run(ForkJoinWorkerThread.java:165) ~[?:?]
[16Jun2025 03:10:07.003] [Worker-Main-3/ERROR] [net.minecraftforge.common.ForgeHooks/]: Couldn't parse element loot_tables:outer_end:blocks/azure_vertical_planks
com.google.gson.JsonSyntaxException: Expected name to be an item, was unknown string 'outer_end:azure_vertical_planks'
	at net.minecraft.util.GsonHelper.m_13866_(GsonHelper.java:145) ~[server-1.20.1-20230612.114412-srg.jar%23315!/:?]
	at java.util.Optional.orElseThrow(Optional.java:403) ~[?:?]
	at net.minecraft.util.GsonHelper.m_13874_(GsonHelper.java:145) ~[server-1.20.1-20230612.114412-srg.jar%23315!/:?]
	at net.minecraft.util.GsonHelper.m_13909_(GsonHelper.java:153) ~[server-1.20.1-20230612.114412-srg.jar%23315!/:?]
	at net.minecraft.world.level.storage.loot.entries.LootItem$Serializer.m_7267_(LootItem.java:55) ~[server-1.20.1-20230612.114412-srg.jar%23315!/:?]
	at net.minecraft.world.level.storage.loot.entries.LootItem$Serializer.m_7267_(LootItem.java:40) ~[server-1.20.1-20230612.114412-srg.jar%23315!/:?]
	at net.minecraft.world.level.storage.loot.entries.LootPoolSingletonContainer$Serializer.m_5921_(LootPoolSingletonContainer.java:151) ~[server-1.20.1-20230612.114412-srg.jar%23315!/:?]
	at net.minecraft.world.level.storage.loot.entries.LootPoolSingletonContainer$Serializer.m_5921_(LootPoolSingletonContainer.java:129) ~[server-1.20.1-20230612.114412-srg.jar%23315!/:?]
	at net.minecraft.world.level.storage.loot.entries.LootPoolEntryContainer$Serializer.m_7561_(LootPoolEntryContainer.java:86) ~[server-1.20.1-20230612.114412-srg.jar%23315!/:?]
	at net.minecraft.world.level.storage.loot.entries.LootPoolEntryContainer$Serializer.m_7561_(LootPoolEntryContainer.java:74) ~[server-1.20.1-20230612.114412-srg.jar%23315!/:?]
	at net.minecraft.world.level.storage.loot.GsonAdapterFactory$JsonAdapter.deserialize(GsonAdapterFactory.java:102) ~[server-1.20.1-20230612.114412-srg.jar%23315!/:?]
	at com.google.gson.internal.bind.TreeTypeAdapter.read(TreeTypeAdapter.java:76) ~[gson-2.10.jar%2372!/:?]
	at com.google.gson.internal.bind.TypeAdapterRuntimeTypeWrapper.read(TypeAdapterRuntimeTypeWrapper.java:40) ~[gson-2.10.jar%2372!/:?]
	at com.google.gson.internal.bind.ArrayTypeAdapter.read(ArrayTypeAdapter.java:72) ~[gson-2.10.jar%2372!/:?]
	at com.google.gson.Gson.fromJson(Gson.java:1214) ~[gson-2.10.jar%2372!/:?]
	at com.google.gson.Gson.fromJson(Gson.java:1319) ~[gson-2.10.jar%2372!/:?]
	at com.google.gson.Gson.fromJson(Gson.java:1290) ~[gson-2.10.jar%2372!/:?]
	at com.google.gson.internal.bind.TreeTypeAdapter$GsonContextImpl.deserialize(TreeTypeAdapter.java:179) ~[gson-2.10.jar%2372!/:?]
	at net.minecraft.util.GsonHelper.m_13808_(GsonHelper.java:463) ~[server-1.20.1-20230612.114412-srg.jar%23315!/:?]
	at net.minecraft.util.GsonHelper.m_13836_(GsonHelper.java:471) ~[server-1.20.1-20230612.114412-srg.jar%23315!/:?]
	at net.minecraft.world.level.storage.loot.LootPool$Serializer.deserialize(LootPool.java:192) ~[server-1.20.1-20230612.114412-srg.jar%23315!/:?]
	at net.minecraft.world.level.storage.loot.LootPool$Serializer.deserialize(LootPool.java:189) ~[server-1.20.1-20230612.114412-srg.jar%23315!/:?]
	at com.google.gson.internal.bind.TreeTypeAdapter.read(TreeTypeAdapter.java:76) ~[gson-2.10.jar%2372!/:?]
	at com.google.gson.internal.bind.TypeAdapterRuntimeTypeWrapper.read(TypeAdapterRuntimeTypeWrapper.java:40) ~[gson-2.10.jar%2372!/:?]
	at com.google.gson.internal.bind.ArrayTypeAdapter.read(ArrayTypeAdapter.java:72) ~[gson-2.10.jar%2372!/:?]
	at com.google.gson.Gson.fromJson(Gson.java:1214) ~[gson-2.10.jar%2372!/:?]
	at com.google.gson.Gson.fromJson(Gson.java:1319) ~[gson-2.10.jar%2372!/:?]
	at com.google.gson.Gson.fromJson(Gson.java:1290) ~[gson-2.10.jar%2372!/:?]
	at com.google.gson.internal.bind.TreeTypeAdapter$GsonContextImpl.deserialize(TreeTypeAdapter.java:179) ~[gson-2.10.jar%2372!/:?]
	at net.minecraft.util.GsonHelper.m_13808_(GsonHelper.java:463) ~[server-1.20.1-20230612.114412-srg.jar%23315!/:?]
	at net.minecraft.util.GsonHelper.m_13845_(GsonHelper.java:481) ~[server-1.20.1-20230612.114412-srg.jar%23315!/:?]
	at net.minecraft.world.level.storage.loot.LootTable$Serializer.deserialize(LootTable.java:294) ~[server-1.20.1-20230612.114412-srg.jar%23315!/:?]
	at net.minecraft.world.level.storage.loot.LootTable$Serializer.deserialize(LootTable.java:291) ~[server-1.20.1-20230612.114412-srg.jar%23315!/:?]
	at com.google.gson.internal.bind.TreeTypeAdapter.read(TreeTypeAdapter.java:76) ~[gson-2.10.jar%2372!/:?]
	at com.google.gson.Gson.fromJson(Gson.java:1214) ~[gson-2.10.jar%2372!/:?]
	at com.google.gson.Gson.fromJson(Gson.java:1319) ~[gson-2.10.jar%2372!/:?]
	at com.google.gson.Gson.fromJson(Gson.java:1261) ~[gson-2.10.jar%2372!/:?]
	at net.minecraftforge.common.ForgeHooks.loadLootTable(ForgeHooks.java:871) ~[forge-1.20.1-47.3.7-universal.jar%23320!/:?]
	at net.minecraftforge.common.ForgeHooks.lambda$getLootTableDeserializer$3(ForgeHooks.java:848) ~[forge-1.20.1-47.3.7-universal.jar%23320!/:?]
	at net.minecraft.world.level.storage.loot.LootDataType.deserialize(LootDataType.java:45) ~[server-1.20.1-20230612.114412-srg.jar%23315!/:?]
	at net.minecraft.world.level.storage.loot.LootDataManager.lambda$scheduleElementParse$4(LootDataManager.java:56) ~[server-1.20.1-20230612.114412-srg.jar%23315!/:?]
	at java.util.HashMap.forEach(HashMap.java:1421) ~[?:?]
	at net.minecraft.world.level.storage.loot.LootDataManager.m_278660_(LootDataManager.java:55) ~[server-1.20.1-20230612.114412-srg.jar%23315!/:?]
	at java.util.concurrent.CompletableFuture$AsyncRun.run(CompletableFuture.java:1804) ~[?:?]
	at java.util.concurrent.CompletableFuture$AsyncRun.exec(CompletableFuture.java:1796) ~[?:?]
	at java.util.concurrent.ForkJoinTask.doExec(ForkJoinTask.java:373) ~[?:?]
	at java.util.concurrent.ForkJoinPool$WorkQueue.topLevelExec(ForkJoinPool.java:1182) ~[?:?]
	at java.util.concurrent.ForkJoinPool.scan(ForkJoinPool.java:1655) ~[?:?]
	at java.util.concurrent.ForkJoinPool.runWorker(ForkJoinPool.java:1622) ~[?:?]
	at java.util.concurrent.ForkJoinWorkerThread.run(ForkJoinWorkerThread.java:165) ~[?:?]
[16Jun2025 03:10:07.016] [Worker-Main-3/ERROR] [net.minecraftforge.common.ForgeHooks/]: Couldn't parse element loot_tables:outer_end:blocks/azure_post
com.google.gson.JsonSyntaxException: Expected name to be an item, was unknown string 'outer_end:azure_post'
	at net.minecraft.util.GsonHelper.m_13866_(GsonHelper.java:145) ~[server-1.20.1-20230612.114412-srg.jar%23315!/:?]
	at java.util.Optional.orElseThrow(Optional.java:403) ~[?:?]
	at net.minecraft.util.GsonHelper.m_13874_(GsonHelper.java:145) ~[server-1.20.1-20230612.114412-srg.jar%23315!/:?]
	at net.minecraft.util.GsonHelper.m_13909_(GsonHelper.java:153) ~[server-1.20.1-20230612.114412-srg.jar%23315!/:?]
	at net.minecraft.world.level.storage.loot.entries.LootItem$Serializer.m_7267_(LootItem.java:55) ~[server-1.20.1-20230612.114412-srg.jar%23315!/:?]
	at net.minecraft.world.level.storage.loot.entries.LootItem$Serializer.m_7267_(LootItem.java:40) ~[server-1.20.1-20230612.114412-srg.jar%23315!/:?]
	at net.minecraft.world.level.storage.loot.entries.LootPoolSingletonContainer$Serializer.m_5921_(LootPoolSingletonContainer.java:151) ~[server-1.20.1-20230612.114412-srg.jar%23315!/:?]
	at net.minecraft.world.level.storage.loot.entries.LootPoolSingletonContainer$Serializer.m_5921_(LootPoolSingletonContainer.java:129) ~[server-1.20.1-20230612.114412-srg.jar%23315!/:?]
	at net.minecraft.world.level.storage.loot.entries.LootPoolEntryContainer$Serializer.m_7561_(LootPoolEntryContainer.java:86) ~[server-1.20.1-20230612.114412-srg.jar%23315!/:?]
	at net.minecraft.world.level.storage.loot.entries.LootPoolEntryContainer$Serializer.m_7561_(LootPoolEntryContainer.java:74) ~[server-1.20.1-20230612.114412-srg.jar%23315!/:?]
	at net.minecraft.world.level.storage.loot.GsonAdapterFactory$JsonAdapter.deserialize(GsonAdapterFactory.java:102) ~[server-1.20.1-20230612.114412-srg.jar%23315!/:?]
	at com.google.gson.internal.bind.TreeTypeAdapter.read(TreeTypeAdapter.java:76) ~[gson-2.10.jar%2372!/:?]
	at com.google.gson.internal.bind.TypeAdapterRuntimeTypeWrapper.read(TypeAdapterRuntimeTypeWrapper.java:40) ~[gson-2.10.jar%2372!/:?]
	at com.google.gson.internal.bind.ArrayTypeAdapter.read(ArrayTypeAdapter.java:72) ~[gson-2.10.jar%2372!/:?]
	at com.google.gson.Gson.fromJson(Gson.java:1214) ~[gson-2.10.jar%2372!/:?]
	at com.google.gson.Gson.fromJson(Gson.java:1319) ~[gson-2.10.jar%2372!/:?]
	at com.google.gson.Gson.fromJson(Gson.java:1290) ~[gson-2.10.jar%2372!/:?]
	at com.google.gson.internal.bind.TreeTypeAdapter$GsonContextImpl.deserialize(TreeTypeAdapter.java:179) ~[gson-2.10.jar%2372!/:?]
	at net.minecraft.util.GsonHelper.m_13808_(GsonHelper.java:463) ~[server-1.20.1-20230612.114412-srg.jar%23315!/:?]
	at net.minecraft.util.GsonHelper.m_13836_(GsonHelper.java:471) ~[server-1.20.1-20230612.114412-srg.jar%23315!/:?]
	at net.minecraft.world.level.storage.loot.LootPool$Serializer.deserialize(LootPool.java:192) ~[server-1.20.1-20230612.114412-srg.jar%23315!/:?]
	at net.minecraft.world.level.storage.loot.LootPool$Serializer.deserialize(LootPool.java:189) ~[server-1.20.1-20230612.114412-srg.jar%23315!/:?]
	at com.google.gson.internal.bind.TreeTypeAdapter.read(TreeTypeAdapter.java:76) ~[gson-2.10.jar%2372!/:?]
	at com.google.gson.internal.bind.TypeAdapterRuntimeTypeWrapper.read(TypeAdapterRuntimeTypeWrapper.java:40) ~[gson-2.10.jar%2372!/:?]
	at com.google.gson.internal.bind.ArrayTypeAdapter.read(ArrayTypeAdapter.java:72) ~[gson-2.10.jar%2372!/:?]
	at com.google.gson.Gson.fromJson(Gson.java:1214) ~[gson-2.10.jar%2372!/:?]
	at com.google.gson.Gson.fromJson(Gson.java:1319) ~[gson-2.10.jar%2372!/:?]
	at com.google.gson.Gson.fromJson(Gson.java:1290) ~[gson-2.10.jar%2372!/:?]
	at com.google.gson.internal.bind.TreeTypeAdapter$GsonContextImpl.deserialize(TreeTypeAdapter.java:179) ~[gson-2.10.jar%2372!/:?]
	at net.minecraft.util.GsonHelper.m_13808_(GsonHelper.java:463) ~[server-1.20.1-20230612.114412-srg.jar%23315!/:?]
	at net.minecraft.util.GsonHelper.m_13845_(GsonHelper.java:481) ~[server-1.20.1-20230612.114412-srg.jar%23315!/:?]
	at net.minecraft.world.level.storage.loot.LootTable$Serializer.deserialize(LootTable.java:294) ~[server-1.20.1-20230612.114412-srg.jar%23315!/:?]
	at net.minecraft.world.level.storage.loot.LootTable$Serializer.deserialize(LootTable.java:291) ~[server-1.20.1-20230612.114412-srg.jar%23315!/:?]
	at com.google.gson.internal.bind.TreeTypeAdapter.read(TreeTypeAdapter.java:76) ~[gson-2.10.jar%2372!/:?]
	at com.google.gson.Gson.fromJson(Gson.java:1214) ~[gson-2.10.jar%2372!/:?]
	at com.google.gson.Gson.fromJson(Gson.java:1319) ~[gson-2.10.jar%2372!/:?]
	at com.google.gson.Gson.fromJson(Gson.java:1261) ~[gson-2.10.jar%2372!/:?]
	at net.minecraftforge.common.ForgeHooks.loadLootTable(ForgeHooks.java:871) ~[forge-1.20.1-47.3.7-universal.jar%23320!/:?]
	at net.minecraftforge.common.ForgeHooks.lambda$getLootTableDeserializer$3(ForgeHooks.java:848) ~[forge-1.20.1-47.3.7-universal.jar%23320!/:?]
	at net.minecraft.world.level.storage.loot.LootDataType.deserialize(LootDataType.java:45) ~[server-1.20.1-20230612.114412-srg.jar%23315!/:?]
	at net.minecraft.world.level.storage.loot.LootDataManager.lambda$scheduleElementParse$4(LootDataManager.java:56) ~[server-1.20.1-20230612.114412-srg.jar%23315!/:?]
	at java.util.HashMap.forEach(HashMap.java:1421) ~[?:?]
	at net.minecraft.world.level.storage.loot.LootDataManager.m_278660_(LootDataManager.java:55) ~[server-1.20.1-20230612.114412-srg.jar%23315!/:?]
	at java.util.concurrent.CompletableFuture$AsyncRun.run(CompletableFuture.java:1804) ~[?:?]
	at java.util.concurrent.CompletableFuture$AsyncRun.exec(CompletableFuture.java:1796) ~[?:?]
	at java.util.concurrent.ForkJoinTask.doExec(ForkJoinTask.java:373) ~[?:?]
	at java.util.concurrent.ForkJoinPool$WorkQueue.topLevelExec(ForkJoinPool.java:1182) ~[?:?]
	at java.util.concurrent.ForkJoinPool.scan(ForkJoinPool.java:1655) ~[?:?]
	at java.util.concurrent.ForkJoinPool.runWorker(ForkJoinPool.java:1622) ~[?:?]
	at java.util.concurrent.ForkJoinWorkerThread.run(ForkJoinWorkerThread.java:165) ~[?:?]
[16Jun2025 03:10:07.071] [Worker-Main-2/INFO] [Mantle/]: Loaded 20 loot table injectors injecting into 18 tables in 25.922722 ms
[16Jun2025 03:10:07.105] [Worker-Main-3/ERROR] [net.minecraftforge.common.ForgeHooks/]: Couldn't parse element loot_tables:outer_end:blocks/himmel_vertical_slab
java.lang.IllegalArgumentException: Can't find block outer_end:himmel_vertical_slab
	at net.minecraft.world.level.storage.loot.predicates.LootItemBlockStatePropertyCondition$Serializer.m_81802_(LootItemBlockStatePropertyCondition.java:79) ~[server-1.20.1-20230612.114412-srg.jar%23315!/:?]
	at java.util.Optional.orElseThrow(Optional.java:403) ~[?:?]
	at net.minecraft.world.level.storage.loot.predicates.LootItemBlockStatePropertyCondition$Serializer.m_7561_(LootItemBlockStatePropertyCondition.java:79) ~[server-1.20.1-20230612.114412-srg.jar%23315!/:?]
	at net.minecraft.world.level.storage.loot.predicates.LootItemBlockStatePropertyCondition$Serializer.m_7561_(LootItemBlockStatePropertyCondition.java:68) ~[server-1.20.1-20230612.114412-srg.jar%23315!/:?]
	at net.minecraft.world.level.storage.loot.GsonAdapterFactory$JsonAdapter.deserialize(GsonAdapterFactory.java:102) ~[server-1.20.1-20230612.114412-srg.jar%23315!/:?]
	at com.google.gson.internal.bind.TreeTypeAdapter.read(TreeTypeAdapter.java:76) ~[gson-2.10.jar%2372!/:?]
	at com.google.gson.internal.bind.TypeAdapterRuntimeTypeWrapper.read(TypeAdapterRuntimeTypeWrapper.java:40) ~[gson-2.10.jar%2372!/:?]
	at com.google.gson.internal.bind.ArrayTypeAdapter.read(ArrayTypeAdapter.java:72) ~[gson-2.10.jar%2372!/:?]
	at com.google.gson.Gson.fromJson(Gson.java:1214) ~[gson-2.10.jar%2372!/:?]
	at com.google.gson.Gson.fromJson(Gson.java:1319) ~[gson-2.10.jar%2372!/:?]
	at com.google.gson.Gson.fromJson(Gson.java:1290) ~[gson-2.10.jar%2372!/:?]
	at com.google.gson.internal.bind.TreeTypeAdapter$GsonContextImpl.deserialize(TreeTypeAdapter.java:179) ~[gson-2.10.jar%2372!/:?]
	at net.minecraft.util.GsonHelper.m_13808_(GsonHelper.java:463) ~[server-1.20.1-20230612.114412-srg.jar%23315!/:?]
	at net.minecraft.util.GsonHelper.m_13845_(GsonHelper.java:481) ~[server-1.20.1-20230612.114412-srg.jar%23315!/:?]
	at net.minecraft.world.level.storage.loot.functions.LootItemConditionalFunction$Serializer.m_7561_(LootItemConditionalFunction.java:98) ~[server-1.20.1-20230612.114412-srg.jar%23315!/:?]
	at net.minecraft.world.level.storage.loot.functions.LootItemConditionalFunction$Serializer.m_7561_(LootItemConditionalFunction.java:88) ~[server-1.20.1-20230612.114412-srg.jar%23315!/:?]
	at net.minecraft.world.level.storage.loot.GsonAdapterFactory$JsonAdapter.deserialize(GsonAdapterFactory.java:102) ~[server-1.20.1-20230612.114412-srg.jar%23315!/:?]
	at com.google.gson.internal.bind.TreeTypeAdapter.read(TreeTypeAdapter.java:76) ~[gson-2.10.jar%2372!/:?]
	at com.google.gson.internal.bind.TypeAdapterRuntimeTypeWrapper.read(TypeAdapterRuntimeTypeWrapper.java:40) ~[gson-2.10.jar%2372!/:?]
	at com.google.gson.internal.bind.ArrayTypeAdapter.read(ArrayTypeAdapter.java:72) ~[gson-2.10.jar%2372!/:?]
	at com.google.gson.Gson.fromJson(Gson.java:1214) ~[gson-2.10.jar%2372!/:?]
	at com.google.gson.Gson.fromJson(Gson.java:1319) ~[gson-2.10.jar%2372!/:?]
	at com.google.gson.Gson.fromJson(Gson.java:1290) ~[gson-2.10.jar%2372!/:?]
	at com.google.gson.internal.bind.TreeTypeAdapter$GsonContextImpl.deserialize(TreeTypeAdapter.java:179) ~[gson-2.10.jar%2372!/:?]
	at net.minecraft.util.GsonHelper.m_13808_(GsonHelper.java:463) ~[server-1.20.1-20230612.114412-srg.jar%23315!/:?]
	at net.minecraft.util.GsonHelper.m_13845_(GsonHelper.java:481) ~[server-1.20.1-20230612.114412-srg.jar%23315!/:?]
	at net.minecraft.world.level.storage.loot.entries.LootPoolSingletonContainer$Serializer.m_5921_(LootPoolSingletonContainer.java:149) ~[server-1.20.1-20230612.114412-srg.jar%23315!/:?]
	at net.minecraft.world.level.storage.loot.entries.LootPoolSingletonContainer$Serializer.m_5921_(LootPoolSingletonContainer.java:129) ~[server-1.20.1-20230612.114412-srg.jar%23315!/:?]
	at net.minecraft.world.level.storage.loot.entries.LootPoolEntryContainer$Serializer.m_7561_(LootPoolEntryContainer.java:86) ~[server-1.20.1-20230612.114412-srg.jar%23315!/:?]
	at net.minecraft.world.level.storage.loot.entries.LootPoolEntryContainer$Serializer.m_7561_(LootPoolEntryContainer.java:74) ~[server-1.20.1-20230612.114412-srg.jar%23315!/:?]
	at net.minecraft.world.level.storage.loot.GsonAdapterFactory$JsonAdapter.deserialize(GsonAdapterFactory.java:102) ~[server-1.20.1-20230612.114412-srg.jar%23315!/:?]
	at com.google.gson.internal.bind.TreeTypeAdapter.read(TreeTypeAdapter.java:76) ~[gson-2.10.jar%2372!/:?]
	at com.google.gson.internal.bind.TypeAdapterRuntimeTypeWrapper.read(TypeAdapterRuntimeTypeWrapper.java:40) ~[gson-2.10.jar%2372!/:?]
	at com.google.gson.internal.bind.ArrayTypeAdapter.read(ArrayTypeAdapter.java:72) ~[gson-2.10.jar%2372!/:?]
	at com.google.gson.Gson.fromJson(Gson.java:1214) ~[gson-2.10.jar%2372!/:?]
	at com.google.gson.Gson.fromJson(Gson.java:1319) ~[gson-2.10.jar%2372!/:?]
	at com.google.gson.Gson.fromJson(Gson.java:1290) ~[gson-2.10.jar%2372!/:?]
	at com.google.gson.internal.bind.TreeTypeAdapter$GsonContextImpl.deserialize(TreeTypeAdapter.java:179) ~[gson-2.10.jar%2372!/:?]
	at net.minecraft.util.GsonHelper.m_13808_(GsonHelper.java:463) ~[server-1.20.1-20230612.114412-srg.jar%23315!/:?]
	at net.minecraft.util.GsonHelper.m_13836_(GsonHelper.java:471) ~[server-1.20.1-20230612.114412-srg.jar%23315!/:?]
	at net.minecraft.world.level.storage.loot.LootPool$Serializer.deserialize(LootPool.java:192) ~[server-1.20.1-20230612.114412-srg.jar%23315!/:?]
	at net.minecraft.world.level.storage.loot.LootPool$Serializer.deserialize(LootPool.java:189) ~[server-1.20.1-20230612.114412-srg.jar%23315!/:?]
	at com.google.gson.internal.bind.TreeTypeAdapter.read(TreeTypeAdapter.java:76) ~[gson-2.10.jar%2372!/:?]
	at com.google.gson.internal.bind.TypeAdapterRuntimeTypeWrapper.read(TypeAdapterRuntimeTypeWrapper.java:40) ~[gson-2.10.jar%2372!/:?]
	at com.google.gson.internal.bind.ArrayTypeAdapter.read(ArrayTypeAdapter.java:72) ~[gson-2.10.jar%2372!/:?]
	at com.google.gson.Gson.fromJson(Gson.java:1214) ~[gson-2.10.jar%2372!/:?]
	at com.google.gson.Gson.fromJson(Gson.java:1319) ~[gson-2.10.jar%2372!/:?]
	at com.google.gson.Gson.fromJson(Gson.java:1290) ~[gson-2.10.jar%2372!/:?]
	at com.google.gson.internal.bind.TreeTypeAdapter$GsonContextImpl.deserialize(TreeTypeAdapter.java:179) ~[gson-2.10.jar%2372!/:?]
	at net.minecraft.util.GsonHelper.m_13808_(GsonHelper.java:463) ~[server-1.20.1-20230612.114412-srg.jar%23315!/:?]
	at net.minecraft.util.GsonHelper.m_13845_(GsonHelper.java:481) ~[server-1.20.1-20230612.114412-srg.jar%23315!/:?]
	at net.minecraft.world.level.storage.loot.LootTable$Serializer.deserialize(LootTable.java:294) ~[server-1.20.1-20230612.114412-srg.jar%23315!/:?]
	at net.minecraft.world.level.storage.loot.LootTable$Serializer.deserialize(LootTable.java:291) ~[server-1.20.1-20230612.114412-srg.jar%23315!/:?]
	at com.google.gson.internal.bind.TreeTypeAdapter.read(TreeTypeAdapter.java:76) ~[gson-2.10.jar%2372!/:?]
	at com.google.gson.Gson.fromJson(Gson.java:1214) ~[gson-2.10.jar%2372!/:?]
	at com.google.gson.Gson.fromJson(Gson.java:1319) ~[gson-2.10.jar%2372!/:?]
	at com.google.gson.Gson.fromJson(Gson.java:1261) ~[gson-2.10.jar%2372!/:?]
	at net.minecraftforge.common.ForgeHooks.loadLootTable(ForgeHooks.java:871) ~[forge-1.20.1-47.3.7-universal.jar%23320!/:?]
	at net.minecraftforge.common.ForgeHooks.lambda$getLootTableDeserializer$3(ForgeHooks.java:848) ~[forge-1.20.1-47.3.7-universal.jar%23320!/:?]
	at net.minecraft.world.level.storage.loot.LootDataType.deserialize(LootDataType.java:45) ~[server-1.20.1-20230612.114412-srg.jar%23315!/:?]
	at net.minecraft.world.level.storage.loot.LootDataManager.lambda$scheduleElementParse$4(LootDataManager.java:56) ~[server-1.20.1-20230612.114412-srg.jar%23315!/:?]
	at java.util.HashMap.forEach(HashMap.java:1421) ~[?:?]
	at net.minecraft.world.level.storage.loot.LootDataManager.m_278660_(LootDataManager.java:55) ~[server-1.20.1-20230612.114412-srg.jar%23315!/:?]
	at java.util.concurrent.CompletableFuture$AsyncRun.run(CompletableFuture.java:1804) ~[?:?]
	at java.util.concurrent.CompletableFuture$AsyncRun.exec(CompletableFuture.java:1796) ~[?:?]
	at java.util.concurrent.ForkJoinTask.doExec(ForkJoinTask.java:373) ~[?:?]
	at java.util.concurrent.ForkJoinPool$WorkQueue.topLevelExec(ForkJoinPool.java:1182) ~[?:?]
	at java.util.concurrent.ForkJoinPool.scan(ForkJoinPool.java:1655) ~[?:?]
	at java.util.concurrent.ForkJoinPool.runWorker(ForkJoinPool.java:1622) ~[?:?]
	at java.util.concurrent.ForkJoinWorkerThread.run(ForkJoinWorkerThread.java:165) ~[?:?]
[16Jun2025 03:10:07.411] [Worker-Main-3/ERROR] [net.minecraftforge.common.ForgeHooks/]: Couldn't parse element loot_tables:outer_end:blocks/stripped_azure_post
com.google.gson.JsonSyntaxException: Expected name to be an item, was unknown string 'outer_end:stripped_azure_post'
	at net.minecraft.util.GsonHelper.m_13866_(GsonHelper.java:145) ~[server-1.20.1-20230612.114412-srg.jar%23315!/:?]
	at java.util.Optional.orElseThrow(Optional.java:403) ~[?:?]
	at net.minecraft.util.GsonHelper.m_13874_(GsonHelper.java:145) ~[server-1.20.1-20230612.114412-srg.jar%23315!/:?]
	at net.minecraft.util.GsonHelper.m_13909_(GsonHelper.java:153) ~[server-1.20.1-20230612.114412-srg.jar%23315!/:?]
	at net.minecraft.world.level.storage.loot.entries.LootItem$Serializer.m_7267_(LootItem.java:55) ~[server-1.20.1-20230612.114412-srg.jar%23315!/:?]
	at net.minecraft.world.level.storage.loot.entries.LootItem$Serializer.m_7267_(LootItem.java:40) ~[server-1.20.1-20230612.114412-srg.jar%23315!/:?]
	at net.minecraft.world.level.storage.loot.entries.LootPoolSingletonContainer$Serializer.m_5921_(LootPoolSingletonContainer.java:151) ~[server-1.20.1-20230612.114412-srg.jar%23315!/:?]
	at net.minecraft.world.level.storage.loot.entries.LootPoolSingletonContainer$Serializer.m_5921_(LootPoolSingletonContainer.java:129) ~[server-1.20.1-20230612.114412-srg.jar%23315!/:?]
	at net.minecraft.world.level.storage.loot.entries.LootPoolEntryContainer$Serializer.m_7561_(LootPoolEntryContainer.java:86) ~[server-1.20.1-20230612.114412-srg.jar%23315!/:?]
	at net.minecraft.world.level.storage.loot.entries.LootPoolEntryContainer$Serializer.m_7561_(LootPoolEntryContainer.java:74) ~[server-1.20.1-20230612.114412-srg.jar%23315!/:?]
	at net.minecraft.world.level.storage.loot.GsonAdapterFactory$JsonAdapter.deserialize(GsonAdapterFactory.java:102) ~[server-1.20.1-20230612.114412-srg.jar%23315!/:?]
	at com.google.gson.internal.bind.TreeTypeAdapter.read(TreeTypeAdapter.java:76) ~[gson-2.10.jar%2372!/:?]
	at com.google.gson.internal.bind.TypeAdapterRuntimeTypeWrapper.read(TypeAdapterRuntimeTypeWrapper.java:40) ~[gson-2.10.jar%2372!/:?]
	at com.google.gson.internal.bind.ArrayTypeAdapter.read(ArrayTypeAdapter.java:72) ~[gson-2.10.jar%2372!/:?]
	at com.google.gson.Gson.fromJson(Gson.java:1214) ~[gson-2.10.jar%2372!/:?]
	at com.google.gson.Gson.fromJson(Gson.java:1319) ~[gson-2.10.jar%2372!/:?]
	at com.google.gson.Gson.fromJson(Gson.java:1290) ~[gson-2.10.jar%2372!/:?]
	at com.google.gson.internal.bind.TreeTypeAdapter$GsonContextImpl.deserialize(TreeTypeAdapter.java:179) ~[gson-2.10.jar%2372!/:?]
	at net.minecraft.util.GsonHelper.m_13808_(GsonHelper.java:463) ~[server-1.20.1-20230612.114412-srg.jar%23315!/:?]
	at net.minecraft.util.GsonHelper.m_13836_(GsonHelper.java:471) ~[server-1.20.1-20230612.114412-srg.jar%23315!/:?]
	at net.minecraft.world.level.storage.loot.LootPool$Serializer.deserialize(LootPool.java:192) ~[server-1.20.1-20230612.114412-srg.jar%23315!/:?]
	at net.minecraft.world.level.storage.loot.LootPool$Serializer.deserialize(LootPool.java:189) ~[server-1.20.1-20230612.114412-srg.jar%23315!/:?]
	at com.google.gson.internal.bind.TreeTypeAdapter.read(TreeTypeAdapter.java:76) ~[gson-2.10.jar%2372!/:?]
	at com.google.gson.internal.bind.TypeAdapterRuntimeTypeWrapper.read(TypeAdapterRuntimeTypeWrapper.java:40) ~[gson-2.10.jar%2372!/:?]
	at com.google.gson.internal.bind.ArrayTypeAdapter.read(ArrayTypeAdapter.java:72) ~[gson-2.10.jar%2372!/:?]
	at com.google.gson.Gson.fromJson(Gson.java:1214) ~[gson-2.10.jar%2372!/:?]
	at com.google.gson.Gson.fromJson(Gson.java:1319) ~[gson-2.10.jar%2372!/:?]
	at com.google.gson.Gson.fromJson(Gson.java:1290) ~[gson-2.10.jar%2372!/:?]
	at com.google.gson.internal.bind.TreeTypeAdapter$GsonContextImpl.deserialize(TreeTypeAdapter.java:179) ~[gson-2.10.jar%2372!/:?]
	at net.minecraft.util.GsonHelper.m_13808_(GsonHelper.java:463) ~[server-1.20.1-20230612.114412-srg.jar%23315!/:?]
	at net.minecraft.util.GsonHelper.m_13845_(GsonHelper.java:481) ~[server-1.20.1-20230612.114412-srg.jar%23315!/:?]
	at net.minecraft.world.level.storage.loot.LootTable$Serializer.deserialize(LootTable.java:294) ~[server-1.20.1-20230612.114412-srg.jar%23315!/:?]
	at net.minecraft.world.level.storage.loot.LootTable$Serializer.deserialize(LootTable.java:291) ~[server-1.20.1-20230612.114412-srg.jar%23315!/:?]
	at com.google.gson.internal.bind.TreeTypeAdapter.read(TreeTypeAdapter.java:76) ~[gson-2.10.jar%2372!/:?]
	at com.google.gson.Gson.fromJson(Gson.java:1214) ~[gson-2.10.jar%2372!/:?]
	at com.google.gson.Gson.fromJson(Gson.java:1319) ~[gson-2.10.jar%2372!/:?]
	at com.google.gson.Gson.fromJson(Gson.java:1261) ~[gson-2.10.jar%2372!/:?]
	at net.minecraftforge.common.ForgeHooks.loadLootTable(ForgeHooks.java:871) ~[forge-1.20.1-47.3.7-universal.jar%23320!/:?]
	at net.minecraftforge.common.ForgeHooks.lambda$getLootTableDeserializer$3(ForgeHooks.java:848) ~[forge-1.20.1-47.3.7-universal.jar%23320!/:?]
	at net.minecraft.world.level.storage.loot.LootDataType.deserialize(LootDataType.java:45) ~[server-1.20.1-20230612.114412-srg.jar%23315!/:?]
	at net.minecraft.world.level.storage.loot.LootDataManager.lambda$scheduleElementParse$4(LootDataManager.java:56) ~[server-1.20.1-20230612.114412-srg.jar%23315!/:?]
	at java.util.HashMap.forEach(HashMap.java:1421) ~[?:?]
	at net.minecraft.world.level.storage.loot.LootDataManager.m_278660_(LootDataManager.java:55) ~[server-1.20.1-20230612.114412-srg.jar%23315!/:?]
	at java.util.concurrent.CompletableFuture$AsyncRun.run(CompletableFuture.java:1804) ~[?:?]
	at java.util.concurrent.CompletableFuture$AsyncRun.exec(CompletableFuture.java:1796) ~[?:?]
	at java.util.concurrent.ForkJoinTask.doExec(ForkJoinTask.java:373) ~[?:?]
	at java.util.concurrent.ForkJoinPool$WorkQueue.topLevelExec(ForkJoinPool.java:1182) ~[?:?]
	at java.util.concurrent.ForkJoinPool.scan(ForkJoinPool.java:1655) ~[?:?]
	at java.util.concurrent.ForkJoinPool.runWorker(ForkJoinPool.java:1622) ~[?:?]
	at java.util.concurrent.ForkJoinWorkerThread.run(ForkJoinWorkerThread.java:165) ~[?:?]
[16Jun2025 03:10:07.437] [main/INFO] [com.teamabnormals.blueprint.core.Blueprint/]: Loot Modification Manager has loaded 0 modifier groups
[16Jun2025 03:10:07.499] [main/WARN] [net.minecraft.world.level.storage.loot.LootDataManager/]: Found loot table element validation problem in {loot_tables:phantasm:blocks/acidic_nihilium}.pools[0].entries[0].entry[1]: Empty children list
[16Jun2025 03:10:07.499] [main/WARN] [net.minecraft.world.level.storage.loot.LootDataManager/]: Found loot table element validation problem in {loot_tables:phantasm:blocks/vivid_nihilium}.pools[0].entries[0].entry[1]: Empty children list
[16Jun2025 03:10:07.499] [main/WARN] [net.minecraft.world.level.storage.loot.LootDataManager/]: Found loot table element validation problem in {loot_tables:phantasm:blocks/hanging_pream_leaves}.pools[0].entries[0].entry[1]: Empty children list
[16Jun2025 03:10:07.499] [main/WARN] [net.minecraft.world.level.storage.loot.LootDataManager/]: Found loot table element validation problem in {loot_tables:phantasm:blocks/pome}.pools[0].entries[0].entry[1]: Empty children list
[16Jun2025 03:10:07.499] [main/WARN] [net.minecraft.world.level.storage.loot.LootDataManager/]: Found loot table element validation problem in {loot_tables:phantasm:blocks/cirite_iron_ore}.pools[0].entries[0].entry[1]: Empty children list
[16Jun2025 03:10:07.569] [main/INFO] [net.minecraft.world.item.crafting.RecipeManager/]: Skipping loading recipe reliquary:squid_beak as it's serializer returned null
[16Jun2025 03:10:07.585] [main/INFO] [net.minecraft.world.item.crafting.RecipeManager/]: Skipping loading recipe outer_end:himmel_vertical_slab as it's serializer returned null
[16Jun2025 03:10:07.645] [main/INFO] [net.minecraft.world.item.crafting.RecipeManager/]: Skipping loading recipe outer_end:violite/mossy_bricks/vertical_slab_stonecutting as it's serializer returned null
[16Jun2025 03:10:07.664] [main/INFO] [net.minecraft.world.item.crafting.RecipeManager/]: Skipping loading recipe outer_end:violite/tiles/vertical_slab_stonecutting as it's serializer returned null
[16Jun2025 03:10:07.673] [main/INFO] [net.minecraft.world.item.crafting.RecipeManager/]: Skipping loading recipe outer_end:violite/mossy_tiles/vertical_slab_stonecutting as it's serializer returned null
[16Jun2025 03:10:07.730] [main/INFO] [net.minecraft.world.item.crafting.RecipeManager/]: Skipping loading recipe reliquary:rib_bone as it's serializer returned null
[16Jun2025 03:10:07.739] [main/ERROR] [net.minecraft.world.item.crafting.RecipeManager/]: Parsing error loading recipe outer_end:azure_chest
com.google.gson.JsonSyntaxException: Unknown item 'outer_end:azure_chest'
	at net.minecraftforge.common.crafting.CraftingHelper.getItem(CraftingHelper.java:160) ~[forge-1.20.1-47.3.7-universal.jar%23320!/:?]
	at net.minecraftforge.common.crafting.CraftingHelper.getItemStack(CraftingHelper.java:186) ~[forge-1.20.1-47.3.7-universal.jar%23320!/:?]
	at net.minecraft.world.item.crafting.ShapedRecipe.m_151274_(ShapedRecipe.java:286) ~[server-1.20.1-20230612.114412-srg.jar%23315!/:?]
	at net.minecraft.world.item.crafting.ShapedRecipe$Serializer.m_6729_(ShapedRecipe.java:311) ~[server-1.20.1-20230612.114412-srg.jar%23315!/:?]
	at net.minecraft.world.item.crafting.ShapedRecipe$Serializer.m_6729_(ShapedRecipe.java:301) ~[server-1.20.1-20230612.114412-srg.jar%23315!/:?]
	at net.minecraftforge.common.extensions.IForgeRecipeSerializer.fromJson(IForgeRecipeSerializer.java:23) ~[forge-1.20.1-47.3.7-universal.jar%23320!/:?]
	at net.minecraft.world.item.crafting.RecipeManager.fromJson(RecipeManager.java:171) ~[server-1.20.1-20230612.114412-srg.jar%23315!/:?]
	at net.minecraft.world.item.crafting.RecipeManager.m_5787_(RecipeManager.java:67) ~[server-1.20.1-20230612.114412-srg.jar%23315!/:?]
	at net.minecraft.world.item.crafting.RecipeManager.m_5787_(RecipeManager.java:34) ~[server-1.20.1-20230612.114412-srg.jar%23315!/:?]
	at net.minecraft.server.packs.resources.SimplePreparableReloadListener.m_10789_(SimplePreparableReloadListener.java:13) ~[server-1.20.1-20230612.114412-srg.jar%23315!/:?]
	at java.util.concurrent.CompletableFuture$UniAccept.tryFire(CompletableFuture.java:718) ~[?:?]
	at java.util.concurrent.CompletableFuture$Completion.run(CompletableFuture.java:482) ~[?:?]
	at net.minecraft.server.packs.resources.SimpleReloadInstance.m_143940_(SimpleReloadInstance.java:69) ~[server-1.20.1-20230612.114412-srg.jar%23315!/:?]
	at net.minecraft.Util.m_214652_(Util.java:783) ~[server-1.20.1-20230612.114412-srg.jar%23315!/:?]
	at net.minecraft.Util.m_214679_(Util.java:772) ~[server-1.20.1-20230612.114412-srg.jar%23315!/:?]
	at net.minecraft.server.Main.main(Main.java:166) ~[server-1.20.1-20230612.114412-srg.jar%23315!/:?]
	at jdk.internal.reflect.NativeMethodAccessorImpl.invoke0(Native Method) ~[?:?]
	at jdk.internal.reflect.NativeMethodAccessorImpl.invoke(NativeMethodAccessorImpl.java:77) ~[?:?]
	at jdk.internal.reflect.DelegatingMethodAccessorImpl.invoke(DelegatingMethodAccessorImpl.java:43) ~[?:?]
	at java.lang.reflect.Method.invoke(Method.java:569) ~[?:?]
	at net.minecraftforge.fml.loading.targets.CommonLaunchHandler.runTarget(CommonLaunchHandler.java:111) ~[fmlloader-1.20.1-47.3.7.jar%2369!/:?]
	at net.minecraftforge.fml.loading.targets.CommonLaunchHandler.serverService(CommonLaunchHandler.java:103) ~[fmlloader-1.20.1-47.3.7.jar%2369!/:?]
	at net.minecraftforge.fml.loading.targets.CommonServerLaunchHandler.lambda$makeService$0(CommonServerLaunchHandler.java:27) ~[fmlloader-1.20.1-47.3.7.jar%2369!/:?]
	at cpw.mods.modlauncher.LaunchServiceHandlerDecorator.launch(LaunchServiceHandlerDecorator.java:30) ~[modlauncher-10.0.9.jar%2355!/:?]
	at cpw.mods.modlauncher.LaunchServiceHandler.launch(LaunchServiceHandler.java:53) ~[modlauncher-10.0.9.jar%2355!/:?]
	at cpw.mods.modlauncher.LaunchServiceHandler.launch(LaunchServiceHandler.java:71) ~[modlauncher-10.0.9.jar%2355!/:?]
	at cpw.mods.modlauncher.Launcher.run(Launcher.java:108) ~[modlauncher-10.0.9.jar%2355!/:?]
	at cpw.mods.modlauncher.Launcher.main(Launcher.java:78) ~[modlauncher-10.0.9.jar%2355!/:?]
	at cpw.mods.modlauncher.BootstrapLaunchConsumer.accept(BootstrapLaunchConsumer.java:26) ~[modlauncher-10.0.9.jar%2355!/:?]
	at cpw.mods.modlauncher.BootstrapLaunchConsumer.accept(BootstrapLaunchConsumer.java:23) ~[modlauncher-10.0.9.jar%2355!/:?]
	at cpw.mods.bootstraplauncher.BootstrapLauncher.main(BootstrapLauncher.java:141) ~[bootstraplauncher-1.1.2.jar:?]
[16Jun2025 03:10:07.762] [main/ERROR] [net.minecraft.world.item.crafting.RecipeManager/]: Parsing error loading recipe farmersdelight:cutting/azure_door
com.google.gson.JsonSyntaxException: Unknown ingredient type: farmersdelight:tool
	at net.minecraftforge.common.crafting.CraftingHelper.getIngredient(CraftingHelper.java:146) ~[forge-1.20.1-47.3.7-universal.jar%23320!/:?]
	at net.minecraft.world.item.crafting.Ingredient.m_288218_(Ingredient.java:194) ~[server-1.20.1-20230612.114412-srg.jar%23315!/:?]
	at net.minecraft.world.item.crafting.Ingredient.m_43917_(Ingredient.java:189) ~[server-1.20.1-20230612.114412-srg.jar%23315!/:?]
	at vectorwing.farmersdelight.common.crafting.CuttingBoardRecipe$Serializer.fromJson(CuttingBoardRecipe.java:174) ~[FarmersDelight-1.20.1-1.2.8.jar%23250!/:1.20.1-1.2.8]
	at vectorwing.farmersdelight.common.crafting.CuttingBoardRecipe$Serializer.m_6729_(CuttingBoardRecipe.java:164) ~[FarmersDelight-1.20.1-1.2.8.jar%23250!/:1.20.1-1.2.8]
	at net.minecraftforge.common.extensions.IForgeRecipeSerializer.fromJson(IForgeRecipeSerializer.java:23) ~[forge-1.20.1-47.3.7-universal.jar%23320!/:?]
	at net.minecraft.world.item.crafting.RecipeManager.fromJson(RecipeManager.java:171) ~[server-1.20.1-20230612.114412-srg.jar%23315!/:?]
	at net.minecraft.world.item.crafting.RecipeManager.m_5787_(RecipeManager.java:67) ~[server-1.20.1-20230612.114412-srg.jar%23315!/:?]
	at net.minecraft.world.item.crafting.RecipeManager.m_5787_(RecipeManager.java:34) ~[server-1.20.1-20230612.114412-srg.jar%23315!/:?]
	at net.minecraft.server.packs.resources.SimplePreparableReloadListener.m_10789_(SimplePreparableReloadListener.java:13) ~[server-1.20.1-20230612.114412-srg.jar%23315!/:?]
	at java.util.concurrent.CompletableFuture$UniAccept.tryFire(CompletableFuture.java:718) ~[?:?]
	at java.util.concurrent.CompletableFuture$Completion.run(CompletableFuture.java:482) ~[?:?]
	at net.minecraft.server.packs.resources.SimpleReloadInstance.m_143940_(SimpleReloadInstance.java:69) ~[server-1.20.1-20230612.114412-srg.jar%23315!/:?]
	at net.minecraft.Util.m_214652_(Util.java:783) ~[server-1.20.1-20230612.114412-srg.jar%23315!/:?]
	at net.minecraft.Util.m_214679_(Util.java:772) ~[server-1.20.1-20230612.114412-srg.jar%23315!/:?]
	at net.minecraft.server.Main.main(Main.java:166) ~[server-1.20.1-20230612.114412-srg.jar%23315!/:?]
	at jdk.internal.reflect.NativeMethodAccessorImpl.invoke0(Native Method) ~[?:?]
	at jdk.internal.reflect.NativeMethodAccessorImpl.invoke(NativeMethodAccessorImpl.java:77) ~[?:?]
	at jdk.internal.reflect.DelegatingMethodAccessorImpl.invoke(DelegatingMethodAccessorImpl.java:43) ~[?:?]
	at java.lang.reflect.Method.invoke(Method.java:569) ~[?:?]
	at net.minecraftforge.fml.loading.targets.CommonLaunchHandler.runTarget(CommonLaunchHandler.java:111) ~[fmlloader-1.20.1-47.3.7.jar%2369!/:?]
	at net.minecraftforge.fml.loading.targets.CommonLaunchHandler.serverService(CommonLaunchHandler.java:103) ~[fmlloader-1.20.1-47.3.7.jar%2369!/:?]
	at net.minecraftforge.fml.loading.targets.CommonServerLaunchHandler.lambda$makeService$0(CommonServerLaunchHandler.java:27) ~[fmlloader-1.20.1-47.3.7.jar%2369!/:?]
	at cpw.mods.modlauncher.LaunchServiceHandlerDecorator.launch(LaunchServiceHandlerDecorator.java:30) ~[modlauncher-10.0.9.jar%2355!/:?]
	at cpw.mods.modlauncher.LaunchServiceHandler.launch(LaunchServiceHandler.java:53) ~[modlauncher-10.0.9.jar%2355!/:?]
	at cpw.mods.modlauncher.LaunchServiceHandler.launch(LaunchServiceHandler.java:71) ~[modlauncher-10.0.9.jar%2355!/:?]
	at cpw.mods.modlauncher.Launcher.run(Launcher.java:108) ~[modlauncher-10.0.9.jar%2355!/:?]
	at cpw.mods.modlauncher.Launcher.main(Launcher.java:78) ~[modlauncher-10.0.9.jar%2355!/:?]
	at cpw.mods.modlauncher.BootstrapLaunchConsumer.accept(BootstrapLaunchConsumer.java:26) ~[modlauncher-10.0.9.jar%2355!/:?]
	at cpw.mods.modlauncher.BootstrapLaunchConsumer.accept(BootstrapLaunchConsumer.java:23) ~[modlauncher-10.0.9.jar%2355!/:?]
	at cpw.mods.bootstraplauncher.BootstrapLauncher.main(BootstrapLauncher.java:141) ~[bootstraplauncher-1.1.2.jar:?]
[16Jun2025 03:10:07.797] [main/INFO] [net.minecraft.world.item.crafting.RecipeManager/]: Skipping loading recipe outer_end:azure_vertical_to_planks as it's serializer returned null
[16Jun2025 03:10:07.801] [main/INFO] [net.minecraft.world.item.crafting.RecipeManager/]: Skipping loading recipe projecte:tome as it's serializer returned null
[16Jun2025 03:10:07.802] [main/INFO] [net.minecraft.world.item.crafting.RecipeManager/]: Skipping loading recipe reliquary:frozen_core as it's serializer returned null
[16Jun2025 03:10:07.829] [main/INFO] [net.minecraft.world.item.crafting.RecipeManager/]: Skipping loading recipe reliquary:zombie_heart as it's serializer returned null
[16Jun2025 03:10:07.834] [main/INFO] [net.minecraft.world.item.crafting.RecipeManager/]: Skipping loading recipe reliquary:eye_of_the_storm as it's serializer returned null
[16Jun2025 03:10:07.838] [main/ERROR] [net.minecraft.world.item.crafting.RecipeManager/]: Parsing error loading recipe outer_end:azure_trapped_chest
com.google.gson.JsonSyntaxException: Unknown item 'outer_end:azure_chest'
	at net.minecraft.world.item.crafting.ShapedRecipe.m_151280_(ShapedRecipe.java:292) ~[server-1.20.1-20230612.114412-srg.jar%23315!/:?]
	at java.util.Optional.orElseThrow(Optional.java:403) ~[?:?]
	at net.minecraft.world.item.crafting.ShapedRecipe.m_151278_(ShapedRecipe.java:291) ~[server-1.20.1-20230612.114412-srg.jar%23315!/:?]
	at net.minecraft.world.item.crafting.Ingredient.m_43919_(Ingredient.java:219) ~[server-1.20.1-20230612.114412-srg.jar%23315!/:?]
	at net.minecraftforge.common.crafting.VanillaIngredientSerializer.parse(VanillaIngredientSerializer.java:27) ~[forge-1.20.1-47.3.7-universal.jar%23320!/:?]
	at net.minecraftforge.common.crafting.CraftingHelper.getIngredient(CraftingHelper.java:148) ~[forge-1.20.1-47.3.7-universal.jar%23320!/:?]
	at net.minecraft.world.item.crafting.Ingredient.m_288218_(Ingredient.java:194) ~[server-1.20.1-20230612.114412-srg.jar%23315!/:?]
	at net.minecraft.world.item.crafting.ShapelessRecipe$Serializer.m_44275_(ShapelessRecipe.java:104) ~[server-1.20.1-20230612.114412-srg.jar%23315!/:?]
	at net.minecraft.world.item.crafting.ShapelessRecipe$Serializer.m_6729_(ShapelessRecipe.java:89) ~[server-1.20.1-20230612.114412-srg.jar%23315!/:?]
	at net.minecraft.world.item.crafting.ShapelessRecipe$Serializer.m_6729_(ShapelessRecipe.java:84) ~[server-1.20.1-20230612.114412-srg.jar%23315!/:?]
	at net.minecraftforge.common.extensions.IForgeRecipeSerializer.fromJson(IForgeRecipeSerializer.java:23) ~[forge-1.20.1-47.3.7-universal.jar%23320!/:?]
	at net.minecraft.world.item.crafting.RecipeManager.fromJson(RecipeManager.java:171) ~[server-1.20.1-20230612.114412-srg.jar%23315!/:?]
	at net.minecraft.world.item.crafting.RecipeManager.m_5787_(RecipeManager.java:67) ~[server-1.20.1-20230612.114412-srg.jar%23315!/:?]
	at net.minecraft.world.item.crafting.RecipeManager.m_5787_(RecipeManager.java:34) ~[server-1.20.1-20230612.114412-srg.jar%23315!/:?]
	at net.minecraft.server.packs.resources.SimplePreparableReloadListener.m_10789_(SimplePreparableReloadListener.java:13) ~[server-1.20.1-20230612.114412-srg.jar%23315!/:?]
	at java.util.concurrent.CompletableFuture$UniAccept.tryFire(CompletableFuture.java:718) ~[?:?]
	at java.util.concurrent.CompletableFuture$Completion.run(CompletableFuture.java:482) ~[?:?]
	at net.minecraft.server.packs.resources.SimpleReloadInstance.m_143940_(SimpleReloadInstance.java:69) ~[server-1.20.1-20230612.114412-srg.jar%23315!/:?]
	at net.minecraft.Util.m_214652_(Util.java:783) ~[server-1.20.1-20230612.114412-srg.jar%23315!/:?]
	at net.minecraft.Util.m_214679_(Util.java:772) ~[server-1.20.1-20230612.114412-srg.jar%23315!/:?]
	at net.minecraft.server.Main.main(Main.java:166) ~[server-1.20.1-20230612.114412-srg.jar%23315!/:?]
	at jdk.internal.reflect.NativeMethodAccessorImpl.invoke0(Native Method) ~[?:?]
	at jdk.internal.reflect.NativeMethodAccessorImpl.invoke(NativeMethodAccessorImpl.java:77) ~[?:?]
	at jdk.internal.reflect.DelegatingMethodAccessorImpl.invoke(DelegatingMethodAccessorImpl.java:43) ~[?:?]
	at java.lang.reflect.Method.invoke(Method.java:569) ~[?:?]
	at net.minecraftforge.fml.loading.targets.CommonLaunchHandler.runTarget(CommonLaunchHandler.java:111) ~[fmlloader-1.20.1-47.3.7.jar%2369!/:?]
	at net.minecraftforge.fml.loading.targets.CommonLaunchHandler.serverService(CommonLaunchHandler.java:103) ~[fmlloader-1.20.1-47.3.7.jar%2369!/:?]
	at net.minecraftforge.fml.loading.targets.CommonServerLaunchHandler.lambda$makeService$0(CommonServerLaunchHandler.java:27) ~[fmlloader-1.20.1-47.3.7.jar%2369!/:?]
	at cpw.mods.modlauncher.LaunchServiceHandlerDecorator.launch(LaunchServiceHandlerDecorator.java:30) ~[modlauncher-10.0.9.jar%2355!/:?]
	at cpw.mods.modlauncher.LaunchServiceHandler.launch(LaunchServiceHandler.java:53) ~[modlauncher-10.0.9.jar%2355!/:?]
	at cpw.mods.modlauncher.LaunchServiceHandler.launch(LaunchServiceHandler.java:71) ~[modlauncher-10.0.9.jar%2355!/:?]
	at cpw.mods.modlauncher.Launcher.run(Launcher.java:108) ~[modlauncher-10.0.9.jar%2355!/:?]
	at cpw.mods.modlauncher.Launcher.main(Launcher.java:78) ~[modlauncher-10.0.9.jar%2355!/:?]
	at cpw.mods.modlauncher.BootstrapLaunchConsumer.accept(BootstrapLaunchConsumer.java:26) ~[modlauncher-10.0.9.jar%2355!/:?]
	at cpw.mods.modlauncher.BootstrapLaunchConsumer.accept(BootstrapLaunchConsumer.java:23) ~[modlauncher-10.0.9.jar%2355!/:?]
	at cpw.mods.bootstraplauncher.BootstrapLauncher.main(BootstrapLauncher.java:141) ~[bootstraplauncher-1.1.2.jar:?]
[16Jun2025 03:10:07.849] [main/INFO] [net.minecraft.world.item.crafting.RecipeManager/]: Skipping loading recipe outer_end:violite/tiles/vertical_slab_from_violite_stonecutting as it's serializer returned null
[16Jun2025 03:10:07.855] [main/INFO] [net.minecraft.world.item.crafting.RecipeManager/]: Skipping loading recipe outer_end:violite/bricks/vertical_slab as it's serializer returned null
[16Jun2025 03:10:07.860] [main/INFO] [net.minecraft.world.item.crafting.RecipeManager/]: Skipping loading recipe outer_end:stripped_azure_post as it's serializer returned null
[16Jun2025 03:10:07.863] [main/INFO] [net.minecraft.world.item.crafting.RecipeManager/]: Skipping loading recipe outer_end:azure_bookshelf as it's serializer returned null
[16Jun2025 03:10:07.870] [main/INFO] [net.minecraft.world.item.crafting.RecipeManager/]: Skipping loading recipe outer_end:violite/mossy_bricks/slab_from_vertical_slab as it's serializer returned null
[16Jun2025 03:10:07.874] [main/INFO] [net.minecraft.world.item.crafting.RecipeManager/]: Skipping loading recipe reliquary:withered_rib as it's serializer returned null
[16Jun2025 03:10:07.894] [main/INFO] [net.minecraft.world.item.crafting.RecipeManager/]: Skipping loading recipe projecte:tome_alt as it's serializer returned null
[16Jun2025 03:10:07.895] [main/INFO] [net.minecraft.world.item.crafting.RecipeManager/]: Skipping loading recipe outer_end:azure_vertical_to_slab as it's serializer returned null
[16Jun2025 03:10:07.908] [main/INFO] [net.minecraft.world.item.crafting.RecipeManager/]: Skipping loading recipe outer_end:violite/slab_from_vertical_slab as it's serializer returned null
[16Jun2025 03:10:07.940] [main/INFO] [net.minecraft.world.item.crafting.RecipeManager/]: Skipping loading recipe outer_end:violite/bricks/vertical_slab_stonecutting as it's serializer returned null
[16Jun2025 03:10:07.942] [main/INFO] [net.minecraft.world.item.crafting.RecipeManager/]: Skipping loading recipe reliquary:catalyzing_gland as it's serializer returned null
[16Jun2025 03:10:07.955] [main/INFO] [net.minecraft.world.item.crafting.RecipeManager/]: Skipping loading recipe reliquary:slime_pearl as it's serializer returned null
[16Jun2025 03:10:07.965] [main/INFO] [net.minecraft.world.item.crafting.RecipeManager/]: Skipping loading recipe outer_end:himmel_vertical_to_slab as it's serializer returned null
[16Jun2025 03:10:07.969] [main/INFO] [net.minecraft.world.item.crafting.RecipeManager/]: Skipping loading recipe reliquary:guardian_spike as it's serializer returned null
[16Jun2025 03:10:07.988] [main/INFO] [net.minecraft.world.item.crafting.RecipeManager/]: Skipping loading recipe outer_end:violite/bricks/slab_from_vertical_slab as it's serializer returned null
[16Jun2025 03:10:07.993] [main/ERROR] [net.minecraft.world.item.crafting.RecipeManager/]: Parsing error loading recipe farmersdelight:cutting/azure_sign
com.google.gson.JsonSyntaxException: Unknown ingredient type: farmersdelight:tool
	at net.minecraftforge.common.crafting.CraftingHelper.getIngredient(CraftingHelper.java:146) ~[forge-1.20.1-47.3.7-universal.jar%23320!/:?]
	at net.minecraft.world.item.crafting.Ingredient.m_288218_(Ingredient.java:194) ~[server-1.20.1-20230612.114412-srg.jar%23315!/:?]
	at net.minecraft.world.item.crafting.Ingredient.m_43917_(Ingredient.java:189) ~[server-1.20.1-20230612.114412-srg.jar%23315!/:?]
	at vectorwing.farmersdelight.common.crafting.CuttingBoardRecipe$Serializer.fromJson(CuttingBoardRecipe.java:174) ~[FarmersDelight-1.20.1-1.2.8.jar%23250!/:1.20.1-1.2.8]
	at vectorwing.farmersdelight.common.crafting.CuttingBoardRecipe$Serializer.m_6729_(CuttingBoardRecipe.java:164) ~[FarmersDelight-1.20.1-1.2.8.jar%23250!/:1.20.1-1.2.8]
	at net.minecraftforge.common.extensions.IForgeRecipeSerializer.fromJson(IForgeRecipeSerializer.java:23) ~[forge-1.20.1-47.3.7-universal.jar%23320!/:?]
	at net.minecraft.world.item.crafting.RecipeManager.fromJson(RecipeManager.java:171) ~[server-1.20.1-20230612.114412-srg.jar%23315!/:?]
	at net.minecraft.world.item.crafting.RecipeManager.m_5787_(RecipeManager.java:67) ~[server-1.20.1-20230612.114412-srg.jar%23315!/:?]
	at net.minecraft.world.item.crafting.RecipeManager.m_5787_(RecipeManager.java:34) ~[server-1.20.1-20230612.114412-srg.jar%23315!/:?]
	at net.minecraft.server.packs.resources.SimplePreparableReloadListener.m_10789_(SimplePreparableReloadListener.java:13) ~[server-1.20.1-20230612.114412-srg.jar%23315!/:?]
	at java.util.concurrent.CompletableFuture$UniAccept.tryFire(CompletableFuture.java:718) ~[?:?]
	at java.util.concurrent.CompletableFuture$Completion.run(CompletableFuture.java:482) ~[?:?]
	at net.minecraft.server.packs.resources.SimpleReloadInstance.m_143940_(SimpleReloadInstance.java:69) ~[server-1.20.1-20230612.114412-srg.jar%23315!/:?]
	at net.minecraft.Util.m_214652_(Util.java:783) ~[server-1.20.1-20230612.114412-srg.jar%23315!/:?]
	at net.minecraft.Util.m_214679_(Util.java:772) ~[server-1.20.1-20230612.114412-srg.jar%23315!/:?]
	at net.minecraft.server.Main.main(Main.java:166) ~[server-1.20.1-20230612.114412-srg.jar%23315!/:?]
	at jdk.internal.reflect.NativeMethodAccessorImpl.invoke0(Native Method) ~[?:?]
	at jdk.internal.reflect.NativeMethodAccessorImpl.invoke(NativeMethodAccessorImpl.java:77) ~[?:?]
	at jdk.internal.reflect.DelegatingMethodAccessorImpl.invoke(DelegatingMethodAccessorImpl.java:43) ~[?:?]
	at java.lang.reflect.Method.invoke(Method.java:569) ~[?:?]
	at net.minecraftforge.fml.loading.targets.CommonLaunchHandler.runTarget(CommonLaunchHandler.java:111) ~[fmlloader-1.20.1-47.3.7.jar%2369!/:?]
	at net.minecraftforge.fml.loading.targets.CommonLaunchHandler.serverService(CommonLaunchHandler.java:103) ~[fmlloader-1.20.1-47.3.7.jar%2369!/:?]
	at net.minecraftforge.fml.loading.targets.CommonServerLaunchHandler.lambda$makeService$0(CommonServerLaunchHandler.java:27) ~[fmlloader-1.20.1-47.3.7.jar%2369!/:?]
	at cpw.mods.modlauncher.LaunchServiceHandlerDecorator.launch(LaunchServiceHandlerDecorator.java:30) ~[modlauncher-10.0.9.jar%2355!/:?]
	at cpw.mods.modlauncher.LaunchServiceHandler.launch(LaunchServiceHandler.java:53) ~[modlauncher-10.0.9.jar%2355!/:?]
	at cpw.mods.modlauncher.LaunchServiceHandler.launch(LaunchServiceHandler.java:71) ~[modlauncher-10.0.9.jar%2355!/:?]
	at cpw.mods.modlauncher.Launcher.run(Launcher.java:108) ~[modlauncher-10.0.9.jar%2355!/:?]
	at cpw.mods.modlauncher.Launcher.main(Launcher.java:78) ~[modlauncher-10.0.9.jar%2355!/:?]
	at cpw.mods.modlauncher.BootstrapLaunchConsumer.accept(BootstrapLaunchConsumer.java:26) ~[modlauncher-10.0.9.jar%2355!/:?]
	at cpw.mods.modlauncher.BootstrapLaunchConsumer.accept(BootstrapLaunchConsumer.java:23) ~[modlauncher-10.0.9.jar%2355!/:?]
	at cpw.mods.bootstraplauncher.BootstrapLauncher.main(BootstrapLauncher.java:141) ~[bootstraplauncher-1.1.2.jar:?]
[16Jun2025 03:10:08.010] [main/INFO] [net.minecraft.world.item.crafting.RecipeManager/]: Skipping loading recipe outer_end:himmel_vertical_slab_stonecutting as it's serializer returned null
[16Jun2025 03:10:08.011] [main/INFO] [net.minecraft.world.item.crafting.RecipeManager/]: Skipping loading recipe outer_end:violite/tiles/vertical_slab as it's serializer returned null
[16Jun2025 03:10:08.022] [main/ERROR] [net.minecraft.world.item.crafting.RecipeManager/]: Parsing error loading recipe buildinggadgets2:my_book_recipe_shapeless
com.google.gson.JsonSyntaxException: Invalid or unsupported recipe type 'patchouli:shapeless_book_recipe'
	at net.minecraft.world.item.crafting.RecipeManager.m_220253_(RecipeManager.java:170) ~[server-1.20.1-20230612.114412-srg.jar%23315!/:?]
	at java.util.Optional.orElseThrow(Optional.java:403) ~[?:?]
	at net.minecraft.world.item.crafting.RecipeManager.fromJson(RecipeManager.java:169) ~[server-1.20.1-20230612.114412-srg.jar%23315!/:?]
	at net.minecraft.world.item.crafting.RecipeManager.m_5787_(RecipeManager.java:67) ~[server-1.20.1-20230612.114412-srg.jar%23315!/:?]
	at net.minecraft.world.item.crafting.RecipeManager.m_5787_(RecipeManager.java:34) ~[server-1.20.1-20230612.114412-srg.jar%23315!/:?]
	at net.minecraft.server.packs.resources.SimplePreparableReloadListener.m_10789_(SimplePreparableReloadListener.java:13) ~[server-1.20.1-20230612.114412-srg.jar%23315!/:?]
	at java.util.concurrent.CompletableFuture$UniAccept.tryFire(CompletableFuture.java:718) ~[?:?]
	at java.util.concurrent.CompletableFuture$Completion.run(CompletableFuture.java:482) ~[?:?]
	at net.minecraft.server.packs.resources.SimpleReloadInstance.m_143940_(SimpleReloadInstance.java:69) ~[server-1.20.1-20230612.114412-srg.jar%23315!/:?]
	at net.minecraft.Util.m_214652_(Util.java:783) ~[server-1.20.1-20230612.114412-srg.jar%23315!/:?]
	at net.minecraft.Util.m_214679_(Util.java:772) ~[server-1.20.1-20230612.114412-srg.jar%23315!/:?]
	at net.minecraft.server.Main.main(Main.java:166) ~[server-1.20.1-20230612.114412-srg.jar%23315!/:?]
	at jdk.internal.reflect.NativeMethodAccessorImpl.invoke0(Native Method) ~[?:?]
	at jdk.internal.reflect.NativeMethodAccessorImpl.invoke(NativeMethodAccessorImpl.java:77) ~[?:?]
	at jdk.internal.reflect.DelegatingMethodAccessorImpl.invoke(DelegatingMethodAccessorImpl.java:43) ~[?:?]
	at java.lang.reflect.Method.invoke(Method.java:569) ~[?:?]
	at net.minecraftforge.fml.loading.targets.CommonLaunchHandler.runTarget(CommonLaunchHandler.java:111) ~[fmlloader-1.20.1-47.3.7.jar%2369!/:?]
	at net.minecraftforge.fml.loading.targets.CommonLaunchHandler.serverService(CommonLaunchHandler.java:103) ~[fmlloader-1.20.1-47.3.7.jar%2369!/:?]
	at net.minecraftforge.fml.loading.targets.CommonServerLaunchHandler.lambda$makeService$0(CommonServerLaunchHandler.java:27) ~[fmlloader-1.20.1-47.3.7.jar%2369!/:?]
	at cpw.mods.modlauncher.LaunchServiceHandlerDecorator.launch(LaunchServiceHandlerDecorator.java:30) ~[modlauncher-10.0.9.jar%2355!/:?]
	at cpw.mods.modlauncher.LaunchServiceHandler.launch(LaunchServiceHandler.java:53) ~[modlauncher-10.0.9.jar%2355!/:?]
	at cpw.mods.modlauncher.LaunchServiceHandler.launch(LaunchServiceHandler.java:71) ~[modlauncher-10.0.9.jar%2355!/:?]
	at cpw.mods.modlauncher.Launcher.run(Launcher.java:108) ~[modlauncher-10.0.9.jar%2355!/:?]
	at cpw.mods.modlauncher.Launcher.main(Launcher.java:78) ~[modlauncher-10.0.9.jar%2355!/:?]
	at cpw.mods.modlauncher.BootstrapLaunchConsumer.accept(BootstrapLaunchConsumer.java:26) ~[modlauncher-10.0.9.jar%2355!/:?]
	at cpw.mods.modlauncher.BootstrapLaunchConsumer.accept(BootstrapLaunchConsumer.java:23) ~[modlauncher-10.0.9.jar%2355!/:?]
	at cpw.mods.bootstraplauncher.BootstrapLauncher.main(BootstrapLauncher.java:141) ~[bootstraplauncher-1.1.2.jar:?]
[16Jun2025 03:10:08.035] [main/INFO] [net.minecraft.world.item.crafting.RecipeManager/]: Skipping loading recipe reliquary:alkahestry/crafting/silver_ingot as it's serializer returned null
[16Jun2025 03:10:08.066] [main/INFO] [net.minecraft.world.item.crafting.RecipeManager/]: Skipping loading recipe outer_end:violite/tiles/slab_from_vertical_slab as it's serializer returned null
[16Jun2025 03:10:08.070] [main/INFO] [net.minecraft.world.item.crafting.RecipeManager/]: Skipping loading recipe outer_end:azure_vertical_slab as it's serializer returned null
[16Jun2025 03:10:08.080] [main/INFO] [net.minecraft.world.item.crafting.RecipeManager/]: Skipping loading recipe outer_end:azure_vertical_planks as it's serializer returned null
[16Jun2025 03:10:08.091] [main/INFO] [net.minecraft.world.item.crafting.RecipeManager/]: Skipping loading recipe outer_end:violite/vertical_slab as it's serializer returned null
[16Jun2025 03:10:08.093] [main/INFO] [net.minecraft.world.item.crafting.RecipeManager/]: Skipping loading recipe outer_end:violite/bricks/vertical_slab_violite_stonecutting as it's serializer returned null
[16Jun2025 03:10:08.094] [main/INFO] [net.minecraft.world.item.crafting.RecipeManager/]: Skipping loading recipe reliquary:molten_core as it's serializer returned null
[16Jun2025 03:10:08.095] [main/INFO] [net.minecraft.world.item.crafting.RecipeManager/]: Skipping loading recipe outer_end:azure_ladder as it's serializer returned null
[16Jun2025 03:10:08.106] [main/INFO] [net.minecraft.world.item.crafting.RecipeManager/]: Skipping loading recipe outer_end:violite/vertical_slab_stonecutting as it's serializer returned null
[16Jun2025 03:10:08.116] [main/INFO] [net.minecraft.world.item.crafting.RecipeManager/]: Skipping loading recipe reliquary:bat_wing as it's serializer returned null
[16Jun2025 03:10:08.116] [main/ERROR] [net.minecraft.world.item.crafting.RecipeManager/]: Parsing error loading recipe farmersdelight:cutting/azure_pith
com.google.gson.JsonSyntaxException: Unknown ingredient type: farmersdelight:tool
	at net.minecraftforge.common.crafting.CraftingHelper.getIngredient(CraftingHelper.java:146) ~[forge-1.20.1-47.3.7-universal.jar%23320!/:?]
	at net.minecraft.world.item.crafting.Ingredient.m_288218_(Ingredient.java:194) ~[server-1.20.1-20230612.114412-srg.jar%23315!/:?]
	at net.minecraft.world.item.crafting.Ingredient.m_43917_(Ingredient.java:189) ~[server-1.20.1-20230612.114412-srg.jar%23315!/:?]
	at vectorwing.farmersdelight.common.crafting.CuttingBoardRecipe$Serializer.fromJson(CuttingBoardRecipe.java:174) ~[FarmersDelight-1.20.1-1.2.8.jar%23250!/:1.20.1-1.2.8]
	at vectorwing.farmersdelight.common.crafting.CuttingBoardRecipe$Serializer.m_6729_(CuttingBoardRecipe.java:164) ~[FarmersDelight-1.20.1-1.2.8.jar%23250!/:1.20.1-1.2.8]
	at net.minecraftforge.common.extensions.IForgeRecipeSerializer.fromJson(IForgeRecipeSerializer.java:23) ~[forge-1.20.1-47.3.7-universal.jar%23320!/:?]
	at net.minecraft.world.item.crafting.RecipeManager.fromJson(RecipeManager.java:171) ~[server-1.20.1-20230612.114412-srg.jar%23315!/:?]
	at net.minecraft.world.item.crafting.RecipeManager.m_5787_(RecipeManager.java:67) ~[server-1.20.1-20230612.114412-srg.jar%23315!/:?]
	at net.minecraft.world.item.crafting.RecipeManager.m_5787_(RecipeManager.java:34) ~[server-1.20.1-20230612.114412-srg.jar%23315!/:?]
	at net.minecraft.server.packs.resources.SimplePreparableReloadListener.m_10789_(SimplePreparableReloadListener.java:13) ~[server-1.20.1-20230612.114412-srg.jar%23315!/:?]
	at java.util.concurrent.CompletableFuture$UniAccept.tryFire(CompletableFuture.java:718) ~[?:?]
	at java.util.concurrent.CompletableFuture$Completion.run(CompletableFuture.java:482) ~[?:?]
	at net.minecraft.server.packs.resources.SimpleReloadInstance.m_143940_(SimpleReloadInstance.java:69) ~[server-1.20.1-20230612.114412-srg.jar%23315!/:?]
	at net.minecraft.Util.m_214652_(Util.java:783) ~[server-1.20.1-20230612.114412-srg.jar%23315!/:?]
	at net.minecraft.Util.m_214679_(Util.java:772) ~[server-1.20.1-20230612.114412-srg.jar%23315!/:?]
	at net.minecraft.server.Main.main(Main.java:166) ~[server-1.20.1-20230612.114412-srg.jar%23315!/:?]
	at jdk.internal.reflect.NativeMethodAccessorImpl.invoke0(Native Method) ~[?:?]
	at jdk.internal.reflect.NativeMethodAccessorImpl.invoke(NativeMethodAccessorImpl.java:77) ~[?:?]
	at jdk.internal.reflect.DelegatingMethodAccessorImpl.invoke(DelegatingMethodAccessorImpl.java:43) ~[?:?]
	at java.lang.reflect.Method.invoke(Method.java:569) ~[?:?]
	at net.minecraftforge.fml.loading.targets.CommonLaunchHandler.runTarget(CommonLaunchHandler.java:111) ~[fmlloader-1.20.1-47.3.7.jar%2369!/:?]
	at net.minecraftforge.fml.loading.targets.CommonLaunchHandler.serverService(CommonLaunchHandler.java:103) ~[fmlloader-1.20.1-47.3.7.jar%2369!/:?]
	at net.minecraftforge.fml.loading.targets.CommonServerLaunchHandler.lambda$makeService$0(CommonServerLaunchHandler.java:27) ~[fmlloader-1.20.1-47.3.7.jar%2369!/:?]
	at cpw.mods.modlauncher.LaunchServiceHandlerDecorator.launch(LaunchServiceHandlerDecorator.java:30) ~[modlauncher-10.0.9.jar%2355!/:?]
	at cpw.mods.modlauncher.LaunchServiceHandler.launch(LaunchServiceHandler.java:53) ~[modlauncher-10.0.9.jar%2355!/:?]
	at cpw.mods.modlauncher.LaunchServiceHandler.launch(LaunchServiceHandler.java:71) ~[modlauncher-10.0.9.jar%2355!/:?]
	at cpw.mods.modlauncher.Launcher.run(Launcher.java:108) ~[modlauncher-10.0.9.jar%2355!/:?]
	at cpw.mods.modlauncher.Launcher.main(Launcher.java:78) ~[modlauncher-10.0.9.jar%2355!/:?]
	at cpw.mods.modlauncher.BootstrapLaunchConsumer.accept(BootstrapLaunchConsumer.java:26) ~[modlauncher-10.0.9.jar%2355!/:?]
	at cpw.mods.modlauncher.BootstrapLaunchConsumer.accept(BootstrapLaunchConsumer.java:23) ~[modlauncher-10.0.9.jar%2355!/:?]
	at cpw.mods.bootstraplauncher.BootstrapLauncher.main(BootstrapLauncher.java:141) ~[bootstraplauncher-1.1.2.jar:?]
[16Jun2025 03:10:08.124] [main/INFO] [net.minecraft.world.item.crafting.RecipeManager/]: Skipping loading recipe outer_end:azure_post as it's serializer returned null
[16Jun2025 03:10:08.138] [main/INFO] [net.minecraft.world.item.crafting.RecipeManager/]: Skipping loading recipe outer_end:violite/mossy_tiles/slab_from_vertical_slab as it's serializer returned null
[16Jun2025 03:10:08.145] [main/INFO] [net.minecraft.world.item.crafting.RecipeManager/]: Skipping loading recipe reliquary:nebulous_heart as it's serializer returned null
[16Jun2025 03:10:08.153] [main/INFO] [net.minecraft.world.item.crafting.RecipeManager/]: Skipping loading recipe outer_end:violite/mossy_tiles/vertical_slab as it's serializer returned null
[16Jun2025 03:10:08.159] [main/ERROR] [net.minecraft.world.item.crafting.RecipeManager/]: Parsing error loading recipe farmersdelight:cutting/azure_stem
com.google.gson.JsonSyntaxException: Unknown ingredient type: farmersdelight:tool
	at net.minecraftforge.common.crafting.CraftingHelper.getIngredient(CraftingHelper.java:146) ~[forge-1.20.1-47.3.7-universal.jar%23320!/:?]
	at net.minecraft.world.item.crafting.Ingredient.m_288218_(Ingredient.java:194) ~[server-1.20.1-20230612.114412-srg.jar%23315!/:?]
	at net.minecraft.world.item.crafting.Ingredient.m_43917_(Ingredient.java:189) ~[server-1.20.1-20230612.114412-srg.jar%23315!/:?]
	at vectorwing.farmersdelight.common.crafting.CuttingBoardRecipe$Serializer.fromJson(CuttingBoardRecipe.java:174) ~[FarmersDelight-1.20.1-1.2.8.jar%23250!/:1.20.1-1.2.8]
	at vectorwing.farmersdelight.common.crafting.CuttingBoardRecipe$Serializer.m_6729_(CuttingBoardRecipe.java:164) ~[FarmersDelight-1.20.1-1.2.8.jar%23250!/:1.20.1-1.2.8]
	at net.minecraftforge.common.extensions.IForgeRecipeSerializer.fromJson(IForgeRecipeSerializer.java:23) ~[forge-1.20.1-47.3.7-universal.jar%23320!/:?]
	at net.minecraft.world.item.crafting.RecipeManager.fromJson(RecipeManager.java:171) ~[server-1.20.1-20230612.114412-srg.jar%23315!/:?]
	at net.minecraft.world.item.crafting.RecipeManager.m_5787_(RecipeManager.java:67) ~[server-1.20.1-20230612.114412-srg.jar%23315!/:?]
	at net.minecraft.world.item.crafting.RecipeManager.m_5787_(RecipeManager.java:34) ~[server-1.20.1-20230612.114412-srg.jar%23315!/:?]
	at net.minecraft.server.packs.resources.SimplePreparableReloadListener.m_10789_(SimplePreparableReloadListener.java:13) ~[server-1.20.1-20230612.114412-srg.jar%23315!/:?]
	at java.util.concurrent.CompletableFuture$UniAccept.tryFire(CompletableFuture.java:718) ~[?:?]
	at java.util.concurrent.CompletableFuture$Completion.run(CompletableFuture.java:482) ~[?:?]
	at net.minecraft.server.packs.resources.SimpleReloadInstance.m_143940_(SimpleReloadInstance.java:69) ~[server-1.20.1-20230612.114412-srg.jar%23315!/:?]
	at net.minecraft.Util.m_214652_(Util.java:783) ~[server-1.20.1-20230612.114412-srg.jar%23315!/:?]
	at net.minecraft.Util.m_214679_(Util.java:772) ~[server-1.20.1-20230612.114412-srg.jar%23315!/:?]
	at net.minecraft.server.Main.main(Main.java:166) ~[server-1.20.1-20230612.114412-srg.jar%23315!/:?]
	at jdk.internal.reflect.NativeMethodAccessorImpl.invoke0(Native Method) ~[?:?]
	at jdk.internal.reflect.NativeMethodAccessorImpl.invoke(NativeMethodAccessorImpl.java:77) ~[?:?]
	at jdk.internal.reflect.DelegatingMethodAccessorImpl.invoke(DelegatingMethodAccessorImpl.java:43) ~[?:?]
	at java.lang.reflect.Method.invoke(Method.java:569) ~[?:?]
	at net.minecraftforge.fml.loading.targets.CommonLaunchHandler.runTarget(CommonLaunchHandler.java:111) ~[fmlloader-1.20.1-47.3.7.jar%2369!/:?]
	at net.minecraftforge.fml.loading.targets.CommonLaunchHandler.serverService(CommonLaunchHandler.java:103) ~[fmlloader-1.20.1-47.3.7.jar%2369!/:?]
	at net.minecraftforge.fml.loading.targets.CommonServerLaunchHandler.lambda$makeService$0(CommonServerLaunchHandler.java:27) ~[fmlloader-1.20.1-47.3.7.jar%2369!/:?]
	at cpw.mods.modlauncher.LaunchServiceHandlerDecorator.launch(LaunchServiceHandlerDecorator.java:30) ~[modlauncher-10.0.9.jar%2355!/:?]
	at cpw.mods.modlauncher.LaunchServiceHandler.launch(LaunchServiceHandler.java:53) ~[modlauncher-10.0.9.jar%2355!/:?]
	at cpw.mods.modlauncher.LaunchServiceHandler.launch(LaunchServiceHandler.java:71) ~[modlauncher-10.0.9.jar%2355!/:?]
	at cpw.mods.modlauncher.Launcher.run(Launcher.java:108) ~[modlauncher-10.0.9.jar%2355!/:?]
	at cpw.mods.modlauncher.Launcher.main(Launcher.java:78) ~[modlauncher-10.0.9.jar%2355!/:?]
	at cpw.mods.modlauncher.BootstrapLaunchConsumer.accept(BootstrapLaunchConsumer.java:26) ~[modlauncher-10.0.9.jar%2355!/:?]
	at cpw.mods.modlauncher.BootstrapLaunchConsumer.accept(BootstrapLaunchConsumer.java:23) ~[modlauncher-10.0.9.jar%2355!/:?]
	at cpw.mods.bootstraplauncher.BootstrapLauncher.main(BootstrapLauncher.java:141) ~[bootstraplauncher-1.1.2.jar:?]
[16Jun2025 03:10:08.163] [main/INFO] [net.minecraft.world.item.crafting.RecipeManager/]: Skipping loading recipe outer_end:violite/mossy_bricks/vertical_slab as it's serializer returned null
[16Jun2025 03:10:08.164] [main/INFO] [net.minecraft.world.item.crafting.RecipeManager/]: Skipping loading recipe reliquary:alkahestry/crafting/tin_ingot as it's serializer returned null
[16Jun2025 03:10:08.175] [main/INFO] [net.minecraft.world.item.crafting.RecipeManager/]: Skipping loading recipe jellyfishing:soap_to_supplementaries as it's serializer returned null
[16Jun2025 03:10:08.189] [main/INFO] [net.minecraft.world.item.crafting.RecipeManager/]: Skipping loading recipe reliquary:chelicerae as it's serializer returned null
[16Jun2025 03:10:08.189] [main/ERROR] [net.minecraft.world.item.crafting.RecipeManager/]: Parsing error loading recipe farmersdelight:cutting/azure_trapdoor
com.google.gson.JsonSyntaxException: Unknown ingredient type: farmersdelight:tool
	at net.minecraftforge.common.crafting.CraftingHelper.getIngredient(CraftingHelper.java:146) ~[forge-1.20.1-47.3.7-universal.jar%23320!/:?]
	at net.minecraft.world.item.crafting.Ingredient.m_288218_(Ingredient.java:194) ~[server-1.20.1-20230612.114412-srg.jar%23315!/:?]
	at net.minecraft.world.item.crafting.Ingredient.m_43917_(Ingredient.java:189) ~[server-1.20.1-20230612.114412-srg.jar%23315!/:?]
	at vectorwing.farmersdelight.common.crafting.CuttingBoardRecipe$Serializer.fromJson(CuttingBoardRecipe.java:174) ~[FarmersDelight-1.20.1-1.2.8.jar%23250!/:1.20.1-1.2.8]
	at vectorwing.farmersdelight.common.crafting.CuttingBoardRecipe$Serializer.m_6729_(CuttingBoardRecipe.java:164) ~[FarmersDelight-1.20.1-1.2.8.jar%23250!/:1.20.1-1.2.8]
	at net.minecraftforge.common.extensions.IForgeRecipeSerializer.fromJson(IForgeRecipeSerializer.java:23) ~[forge-1.20.1-47.3.7-universal.jar%23320!/:?]
	at net.minecraft.world.item.crafting.RecipeManager.fromJson(RecipeManager.java:171) ~[server-1.20.1-20230612.114412-srg.jar%23315!/:?]
	at net.minecraft.world.item.crafting.RecipeManager.m_5787_(RecipeManager.java:67) ~[server-1.20.1-20230612.114412-srg.jar%23315!/:?]
	at net.minecraft.world.item.crafting.RecipeManager.m_5787_(RecipeManager.java:34) ~[server-1.20.1-20230612.114412-srg.jar%23315!/:?]
	at net.minecraft.server.packs.resources.SimplePreparableReloadListener.m_10789_(SimplePreparableReloadListener.java:13) ~[server-1.20.1-20230612.114412-srg.jar%23315!/:?]
	at java.util.concurrent.CompletableFuture$UniAccept.tryFire(CompletableFuture.java:718) ~[?:?]
	at java.util.concurrent.CompletableFuture$Completion.run(CompletableFuture.java:482) ~[?:?]
	at net.minecraft.server.packs.resources.SimpleReloadInstance.m_143940_(SimpleReloadInstance.java:69) ~[server-1.20.1-20230612.114412-srg.jar%23315!/:?]
	at net.minecraft.Util.m_214652_(Util.java:783) ~[server-1.20.1-20230612.114412-srg.jar%23315!/:?]
	at net.minecraft.Util.m_214679_(Util.java:772) ~[server-1.20.1-20230612.114412-srg.jar%23315!/:?]
	at net.minecraft.server.Main.main(Main.java:166) ~[server-1.20.1-20230612.114412-srg.jar%23315!/:?]
	at jdk.internal.reflect.NativeMethodAccessorImpl.invoke0(Native Method) ~[?:?]
	at jdk.internal.reflect.NativeMethodAccessorImpl.invoke(NativeMethodAccessorImpl.java:77) ~[?:?]
	at jdk.internal.reflect.DelegatingMethodAccessorImpl.invoke(DelegatingMethodAccessorImpl.java:43) ~[?:?]
	at java.lang.reflect.Method.invoke(Method.java:569) ~[?:?]
	at net.minecraftforge.fml.loading.targets.CommonLaunchHandler.runTarget(CommonLaunchHandler.java:111) ~[fmlloader-1.20.1-47.3.7.jar%2369!/:?]
	at net.minecraftforge.fml.loading.targets.CommonLaunchHandler.serverService(CommonLaunchHandler.java:103) ~[fmlloader-1.20.1-47.3.7.jar%2369!/:?]
	at net.minecraftforge.fml.loading.targets.CommonServerLaunchHandler.lambda$makeService$0(CommonServerLaunchHandler.java:27) ~[fmlloader-1.20.1-47.3.7.jar%2369!/:?]
	at cpw.mods.modlauncher.LaunchServiceHandlerDecorator.launch(LaunchServiceHandlerDecorator.java:30) ~[modlauncher-10.0.9.jar%2355!/:?]
	at cpw.mods.modlauncher.LaunchServiceHandler.launch(LaunchServiceHandler.java:53) ~[modlauncher-10.0.9.jar%2355!/:?]
	at cpw.mods.modlauncher.LaunchServiceHandler.launch(LaunchServiceHandler.java:71) ~[modlauncher-10.0.9.jar%2355!/:?]
	at cpw.mods.modlauncher.Launcher.run(Launcher.java:108) ~[modlauncher-10.0.9.jar%2355!/:?]
	at cpw.mods.modlauncher.Launcher.main(Launcher.java:78) ~[modlauncher-10.0.9.jar%2355!/:?]
	at cpw.mods.modlauncher.BootstrapLaunchConsumer.accept(BootstrapLaunchConsumer.java:26) ~[modlauncher-10.0.9.jar%2355!/:?]
	at cpw.mods.modlauncher.BootstrapLaunchConsumer.accept(BootstrapLaunchConsumer.java:23) ~[modlauncher-10.0.9.jar%2355!/:?]
	at cpw.mods.bootstraplauncher.BootstrapLauncher.main(BootstrapLauncher.java:141) ~[bootstraplauncher-1.1.2.jar:?]
[16Jun2025 03:10:08.205] [main/INFO] [net.minecraft.world.item.crafting.RecipeManager/]: Loaded 47 recipes
[16Jun2025 03:10:08.205] [main/INFO] [com.teamabnormals.blueprint.core.Blueprint/]: Advancement Modification Manager has loaded 0 modifier groups
[16Jun2025 03:10:08.324] [main/ERROR] [net.minecraft.server.ServerAdvancementManager/]: Parsing error loading custom advancement create_kart:kartfinish: Expected item to be an item, was unknown string 'create_kart:kart_item'
[16Jun2025 03:10:08.333] [main/ERROR] [net.minecraft.server.ServerAdvancementManager/]: Parsing error loading custom advancement outer_end:end/find_catacombs: Expected item to be an item, was unknown string 'outer_end:chiseled_violite'
[16Jun2025 03:10:08.447] [main/INFO] [net.minecraft.advancements.AdvancementList/]: Loaded 5286 advancements
[16Jun2025 03:10:08.480] [main/INFO] [top.theillusivec4.curios.Curios/]: Loaded 16 curio slots
[16Jun2025 03:10:08.489] [main/INFO] [top.theillusivec4.curios.Curios/]: Loaded 11 curio entities
[16Jun2025 03:10:08.547] [main/INFO] [Dungeon Crawl/]: Loading data...
[16Jun2025 03:10:08.776] [main/INFO] [Dungeon Crawl/]: Done.
[16Jun2025 03:10:08.867] [main/INFO] [com.teamabnormals.blueprint.core.Blueprint/]: Chunk Generator Modification Manager has loaded 2 modifier groups
[16Jun2025 03:10:08.939] [main/INFO] [slimeknights.tconstruct.library.modifiers.ModifierManager/]: Loaded 152 dynamic modifiers and 4 modifier redirects in 58.222466 ms
[16Jun2025 03:10:08.945] [main/INFO] [slimeknights.tconstruct.library.modifiers.ModifierManager/]: Loaded 42 modifier tags for 140 modifiers in 6.466594 ms
[16Jun2025 03:10:08.946] [main/INFO] [slimeknights.tconstruct.library.modifiers.ModifierManager/]: Loaded 50 enchantment to modifier mappings in 0.546859 ms
[16Jun2025 03:10:08.949] [main/INFO] [tconstruct/]: Loaded 46 spilling fluids in 3.101208 ms
[16Jun2025 03:10:08.951] [main/INFO] [slimeknights.mantle.fluid.transfer.FluidContainerTransferManager/]: Loaded 25 dynamic modifiers in 1.094168 ms
[16Jun2025 03:10:08.969] [main/INFO] [slimeknights.tconstruct.library.materials.definition.MaterialManager/]: Loaded 53 materials in 3.821339 ms
[16Jun2025 03:10:08.972] [main/INFO] [slimeknights.tconstruct.library.materials.definition.MaterialManager/]: Loaded 9 material tags for 40 materials in 2.558546 ms
[16Jun2025 03:10:08.980] [main/INFO] [slimeknights.tconstruct.library.materials.stats.MaterialStatsManager/]: 383 stats loaded for 65 materials in 8.29358 ms
[16Jun2025 03:10:08.989] [main/INFO] [slimeknights.tconstruct.library.materials.traits.MaterialTraitsManager/]: 202 traits loaded for 65 materials in 8.321485 ms
[16Jun2025 03:10:09.001] [main/INFO] [slimeknights.tconstruct.library.tools.definition.ToolDefinitionLoader/]: Loaded 38 tool definitions in 11.995586 ms
[16Jun2025 03:10:09.005] [main/INFO] [slimeknights.tconstruct.library.tools.layout.StationSlotLayoutLoader/]: Loaded 19 station slot layouts in 3.206113 ms
[16Jun2025 03:10:12.924] [main/INFO] [moze_intel.projecte.PECore/]: Considering file projecte:pe_custom_conversions/defaults.json, ID projecte:defaults
[16Jun2025 03:10:12.933] [main/INFO] [moze_intel.projecte.PECore/]: Considering file projecte:pe_custom_conversions/metals.json, ID projecte:metals
[16Jun2025 03:10:12.934] [main/INFO] [moze_intel.projecte.PECore/]: Considering file securitycraft:pe_custom_conversions/passcode_protected.json, ID securitycraft:passcode_protected
[16Jun2025 03:10:12.934] [main/INFO] [moze_intel.projecte.PECore/]: Considering file securitycraft:pe_custom_conversions/reinforced_blocks.json, ID securitycraft:reinforced_blocks
[16Jun2025 03:10:13.102] [main/WARN] [moze_intel.projecte.PECore/]: EMC Exploit: "0 + 6*Item: securitycraft:reinforced_glass => 16*Item: securitycraft:reinforced_glass_pane" ingredient cost: 6 value of result: 6 setValueFromConversion: 0 + 1*Item: minecraft:glass_pane => 1*Item: securitycraft:reinforced_glass_pane
[16Jun2025 03:10:13.104] [main/WARN] [moze_intel.projecte.PECore/]: EMC Exploit: ingredients (0 + 3*Item: minecraft:charcoal + 2*Item: minecraft:sugar + 1*Item: minecraft:flint => 3*Item: minecraft:gunpowder) cost 130 but output value is 192
[16Jun2025 03:10:13.108] [main/WARN] [moze_intel.projecte.PECore/]: EMC Exploit: ingredients (0 + 9*Item: minecraft:disc_fragment_5 => 1*Item: minecraft:music_disc_5) cost 2043 but output value is 2048
[16Jun2025 03:10:13.113] [main/WARN] [moze_intel.projecte.PECore/]: EMC Exploit: "0 + 9*Item: minecraft:gold_nugget => 1*Item: minecraft:gold_ingot" ingredient cost: 2043 value of result: 2048 setValueFromConversion: 0 + 8*Item Tag: forge:ingots/iron => 1*Item: minecraft:gold_ingot
[16Jun2025 03:10:13.118] [main/WARN] [moze_intel.projecte.PECore/]: EMC Exploit: "0 + 8*NSSFAKE:craftingMapper/105 + 1*Item: tconstruct:copper_nugget => 1*Item: minecraft:copper_ingot" ingredient cost: 126 value of result: 128 setValueFromConversion: 0 + 1*Item Tag: forge:ingots/iron => 2*Item: minecraft:copper_ingot
[16Jun2025 03:10:13.118] [main/WARN] [moze_intel.projecte.PECore/]: EMC Exploit: "0 + 9*NSSFAKE:craftingMapper/105 => 1*Item: minecraft:copper_ingot" ingredient cost: 126 value of result: 128 setValueFromConversion: 0 + 1*Item Tag: forge:ingots/iron => 2*Item: minecraft:copper_ingot
[16Jun2025 03:10:13.125] [main/WARN] [moze_intel.projecte.PECore/]: EMC Exploit: ingredients (0 + 9*Item: minecraft:iron_nugget => 1*Item: minecraft:iron_ingot) cost 252 but output value is 256
[16Jun2025 03:10:13.125] [main/WARN] [moze_intel.projecte.PECore/]: EMC Exploit: ingredients (0 + 6*Item: minecraft:glass => 16*Item: minecraft:glass_pane) cost 6 but output value is 6
[16Jun2025 03:10:13.126] [main/WARN] [moze_intel.projecte.PECore/]: EMC Exploit: ingredients (0 + 1*Item: create:framed_glass_pane => 1*Item: minecraft:glass_pane) cost 3 / 8 but output value is 6
[16Jun2025 03:10:13.126] [main/WARN] [moze_intel.projecte.PECore/]: EMC Exploit: ingredients (0 + 1*Item: create:tiled_glass_pane => 1*Item: minecraft:glass_pane) cost 3 / 8 but output value is 6
[16Jun2025 03:10:13.126] [main/WARN] [moze_intel.projecte.PECore/]: EMC Exploit: ingredients (0 + 1*Item: create:horizontal_framed_glass_pane => 1*Item: minecraft:glass_pane) cost 3 / 8 but output value is 6
[16Jun2025 03:10:13.126] [main/WARN] [moze_intel.projecte.PECore/]: EMC Exploit: ingredients (0 + 1*Item: create:vertical_framed_glass_pane => 1*Item: minecraft:glass_pane) cost 3 / 8 but output value is 6
[16Jun2025 03:10:13.129] [main/WARN] [moze_intel.projecte.PECore/]: EMC Exploit: "0 + 1*Item: securitycraft:reinforced_diorite + 1*Item: minecraft:cobblestone => 2*Item: securitycraft:reinforced_andesite" ingredient cost: 17 value of result: 16 setValueFromConversion: 0 + 1*Item: minecraft:andesite => 1*Item: securitycraft:reinforced_andesite
[16Jun2025 03:10:13.129] [main/WARN] [moze_intel.projecte.PECore/]: EMC Exploit: "0 + 1*Item: securitycraft:reinforced_cobblestone + 1*Item: securitycraft:reinforced_diorite => 2*Item: securitycraft:reinforced_andesite" ingredient cost: 17 value of result: 16 setValueFromConversion: 0 + 1*Item: minecraft:andesite => 1*Item: securitycraft:reinforced_andesite
[16Jun2025 03:10:13.129] [main/WARN] [moze_intel.projecte.PECore/]: EMC Exploit: "0 + 1*Item: securitycraft:reinforced_cobblestone + 1*Item: minecraft:diorite => 2*Item: securitycraft:reinforced_andesite" ingredient cost: 17 value of result: 16 setValueFromConversion: 0 + 1*Item: minecraft:andesite => 1*Item: securitycraft:reinforced_andesite
[16Jun2025 03:10:13.132] [main/WARN] [moze_intel.projecte.PECore/]: EMC Exploit: ingredients (0 + 1*Item: minecraft:cobblestone + 1*Item: minecraft:diorite => 2*Item: minecraft:andesite) cost 17 but output value is 16
[16Jun2025 03:10:13.147] [main/INFO] [moze_intel.projecte.PECore/]: Registered 3794 EMC values. (took 438 ms)
[16Jun2025 03:10:13.292] [Server thread/INFO] [net.minecraft.server.dedicated.DedicatedServer/]: Starting minecraft server version 1.20.1
[16Jun2025 03:10:13.293] [Server thread/INFO] [net.minecraft.server.dedicated.DedicatedServer/]: Loading properties
[16Jun2025 03:10:13.293] [Server thread/INFO] [net.minecraft.server.dedicated.DedicatedServer/]: Default game type: SURVIVAL
[16Jun2025 03:10:13.293] [Server thread/INFO] [net.minecraft.server.MinecraftServer/]: Generating keypair
[16Jun2025 03:10:13.368] [Server thread/INFO] [net.minecraft.server.dedicated.DedicatedServer/]: Starting Minecraft server on *:14782
[16Jun2025 03:10:13.396] [Server thread/INFO] [net.minecraft.server.network.ServerConnectionListener/]: Using epoll channel type
[16Jun2025 03:10:13.488] [Server thread/WARN] [net.minecraft.server.dedicated.DedicatedServer/]: **** SERVER IS RUNNING IN OFFLINE/INSECURE MODE!
[16Jun2025 03:10:13.488] [Server thread/WARN] [net.minecraft.server.dedicated.DedicatedServer/]: The server will make no attempt to authenticate usernames. Beware.
[16Jun2025 03:10:13.488] [Server thread/WARN] [net.minecraft.server.dedicated.DedicatedServer/]: While this makes the game possible to play without internet access, it also opens up the ability for hackers to connect with any username they choose.
[16Jun2025 03:10:13.488] [Server thread/WARN] [net.minecraft.server.dedicated.DedicatedServer/]: To change this, set "online-mode" to "true" in the server.properties file.
[16Jun2025 03:10:13.526] [Server thread/INFO] [Puzzles Lib/]: Loading server config for enchantinginfuser
[16Jun2025 03:10:13.529] [Thread-4/INFO] [Puzzles Lib/]: Reloading server config for enchantinginfuser
[16Jun2025 03:10:13.745] [Server thread/INFO] [Framework/]: Loading server configs...
[16Jun2025 03:10:13.796] [Server thread/INFO] [terrablender/]: Initialized TerraBlender biomes for level stem minecraft:the_nether
[16Jun2025 03:10:14.283] [Server thread/INFO] [terrablender/]: Initialized TerraBlender biomes for level stem minecraft:overworld
[16Jun2025 03:10:14.284] [Server thread/INFO] [net.minecraft.server.dedicated.DedicatedServer/]: Preparing level "world"
[16Jun2025 03:10:25.353] [Server thread/INFO] [net.minecraft.server.MinecraftServer/]: Preparing start region for dimension minecraft:overworld
[16Jun2025 03:10:28.107] [Netty Epoll Server IO #1/INFO] [net.minecraftforge.server.ServerLifecycleHooks/SERVERHOOKS]: Disconnecting Player (server is still starting): literal{Server is still starting! Please wait before reconnecting.}
[16Jun2025 03:10:28.167] [Worker-Main-1/INFO] [net.minecraft.server.level.progress.LoggerChunkProgressListener/]: Preparing spawn area: 0%
[16Jun2025 03:10:28.183] [Worker-Main-1/INFO] [net.minecraft.server.level.progress.LoggerChunkProgressListener/]: Preparing spawn area: 0%
[16Jun2025 03:10:28.193] [Worker-Main-3/INFO] [net.minecraft.server.level.progress.LoggerChunkProgressListener/]: Preparing spawn area: 0%
[16Jun2025 03:10:28.201] [Worker-Main-1/INFO] [net.minecraft.server.level.progress.LoggerChunkProgressListener/]: Preparing spawn area: 0%
[16Jun2025 03:10:28.210] [Worker-Main-3/INFO] [net.minecraft.server.level.progress.LoggerChunkProgressListener/]: Preparing spawn area: 0%
[16Jun2025 03:10:28.221] [Worker-Main-1/INFO] [net.minecraft.server.level.progress.LoggerChunkProgressListener/]: Preparing spawn area: 0%
[16Jun2025 03:10:28.359] [Worker-Main-2/INFO] [net.minecraft.server.level.progress.LoggerChunkProgressListener/]: Preparing spawn area: 0%
[16Jun2025 03:10:28.859] [Worker-Main-2/INFO] [net.minecraft.server.level.progress.LoggerChunkProgressListener/]: Preparing spawn area: 0%
[16Jun2025 03:10:29.356] [Worker-Main-1/INFO] [net.minecraft.server.level.progress.LoggerChunkProgressListener/]: Preparing spawn area: 0%
[16Jun2025 03:10:29.854] [Worker-Main-1/INFO] [net.minecraft.server.level.progress.LoggerChunkProgressListener/]: Preparing spawn area: 9%
[16Jun2025 03:10:29.959] [Netty Epoll Server IO #2/INFO] [net.minecraftforge.server.ServerLifecycleHooks/SERVERHOOKS]: Disconnecting Player (server is still starting): literal{Server is still starting! Please wait before reconnecting.}
[16Jun2025 03:10:30.354] [Worker-Main-3/INFO] [net.minecraft.server.level.progress.LoggerChunkProgressListener/]: Preparing spawn area: 85%
[16Jun2025 03:10:30.493] [Server thread/INFO] [net.minecraft.server.level.progress.LoggerChunkProgressListener/]: Time elapsed: 5140 ms
[16Jun2025 03:10:30.494] [Server thread/INFO] [net.minecraft.server.dedicated.DedicatedServer/]: Done (16.988s)! For help, type "help"
[16Jun2025 03:10:30.624] [Server thread/INFO] [net.minecraftforge.server.permission.PermissionAPI/]: Successfully initialized permission handler forge:default_handler
[16Jun2025 03:10:30.651] [Server thread/WARN] [voicechat/]: [voicechat] Running in offline mode - Voice chat encryption is not secure!
[16Jun2025 03:10:30.668] [VoiceChatServerThread/ERROR] [voicechat/]: [voicechat] Failed to parse bind IP address 'being-ob.gl.at.ply.gg:14782'
java.net.UnknownHostException: being-ob.gl.at.ply.gg:14782: invalid IPv6 address literal
	at java.net.InetAddress.invalidIPv6LiteralException(InetAddress.java:1390) ~[?:?]
	at java.net.InetAddress.getAllByName(InetAddress.java:1360) ~[?:?]
	at java.net.InetAddress.getAllByName(InetAddress.java:1306) ~[?:?]
	at java.net.InetAddress.getByName(InetAddress.java:1256) ~[?:?]
	at de.maxhenkel.voicechat.plugins.impl.VoicechatSocketImpl.open(VoicechatSocketImpl.java:25) ~[voicechat-forge-1.20.1-2.5.30.jar%23308!/:1.20.1-2.5.30]
	at de.maxhenkel.voicechat.voice.server.Server.run(Server.java:102) ~[voicechat-forge-1.20.1-2.5.30.jar%23308!/:1.20.1-2.5.30]
[16Jun2025 03:10:30.669] [VoiceChatServerThread/INFO] [voicechat/]: [voicechat] Binding to wildcard IP address
[16Jun2025 03:10:30.670] [VoiceChatServerThread/INFO] [voicechat/]: [voicechat] Voice chat server started at being-ob.gl.at.ply.gg:14782:2028
[16Jun2025 03:11:32.429] [Server thread/WARN] [net.minecraft.network.syncher.SynchedEntityData/]: defineId called for: class net.minecraft.world.entity.player.Player from class tschipp.carryon.common.carry.CarryOnDataManager
[16Jun2025 03:11:32.667] [Server thread/INFO] [net.minecraft.server.players.PlayerList/]: ElSilverSito[/127.164.157.169:49607] logged in with entity id 89 at (95.09492163957457, 90.0, -444.084698009884)
[16Jun2025 03:11:32.918] [Server thread/INFO] [net.minecraft.server.MinecraftServer/]: ElSilverSito joined the game
[16Jun2025 03:11:35.454] [Server thread/INFO] [voicechat/]: [voicechat] Received secret request of ElSilverSito (18)
[16Jun2025 03:11:35.456] [Server thread/INFO] [voicechat/]: [voicechat] Sent secret to ElSilverSito
[16Jun2025 03:11:35.458] [Server thread/WARN] [net.minecraft.server.MinecraftServer/]: Can't keep up! Is the server overloaded? Running 2934ms or 58 ticks behind
[16Jun2025 03:11:44.963] [VoiceChatPacketProcessingThread/INFO] [voicechat/]: [voicechat] Successfully authenticated player fe3ba8d5-cdc0-3e3c-8de3-6e5173bef42b
[16Jun2025 03:11:45.958] [VoiceChatPacketProcessingThread/INFO] [voicechat/]: [voicechat] Successfully validated connection of player fe3ba8d5-cdc0-3e3c-8de3-6e5173bef42b
[16Jun2025 03:11:45.969] [VoiceChatPacketProcessingThread/INFO] [voicechat/]: [voicechat] Player ElSilverSito (fe3ba8d5-cdc0-3e3c-8de3-6e5173bef42b) successfully connected to voice chat
[16Jun2025 03:12:10.457] [Server thread/WARN] [net.minecraft.server.network.ServerGamePacketListenerImpl/]: ElSilverSito moved too quickly! 8.106919110451315,1.470272118416517,-7.186657654549549
[16Jun2025 03:12:21.500] [Server thread/WARN] [net.minecraft.server.network.ServerGamePacketListenerImpl/]: ElSilverSito moved wrongly!
[16Jun2025 03:12:31.303] [Server thread/INFO] [net.minecraft.server.MinecraftServer/]: [ElSilverSito: Set own game mode to Creative Mode]
[16Jun2025 03:25:04.942] [Server thread/INFO] [net.minecraft.server.players.PlayerList/]: TheForgottenNeo[/127.159.187.102:50693] logged in with entity id 3643 at (124.42469769113434, 107.0, -485.83415577069724)
[16Jun2025 03:25:04.988] [Server thread/INFO] [net.minecraft.server.MinecraftServer/]: TheForgottenNeo joined the game
[16Jun2025 03:25:07.112] [Server thread/INFO] [voicechat/]: [voicechat] Received secret request of TheForgottenNeo (18)
[16Jun2025 03:25:07.113] [Server thread/INFO] [voicechat/]: [voicechat] Sent secret to TheForgottenNeo
[16Jun2025 03:25:33.772] [VoiceChatPacketProcessingThread/INFO] [voicechat/]: [voicechat] Successfully authenticated player b5c6629b-2855-3743-a573-3a0212864369
[16Jun2025 03:25:34.772] [VoiceChatPacketProcessingThread/INFO] [voicechat/]: [voicechat] Successfully validated connection of player b5c6629b-2855-3743-a573-3a0212864369
[16Jun2025 03:25:34.773] [VoiceChatPacketProcessingThread/INFO] [voicechat/]: [voicechat] Player TheForgottenNeo (b5c6629b-2855-3743-a573-3a0212864369) successfully connected to voice chat
[16Jun2025 03:26:32.249] [Server thread/INFO] [net.minecraft.server.MinecraftServer/]: [TheForgottenNeo: Teleported TheForgottenNeo to ElSilverSito]
[16Jun2025 03:26:42.688] [Server thread/INFO] [net.minecraft.server.MinecraftServer/]: [TheForgottenNeo: Set own game mode to Creative Mode]
[16Jun2025 03:43:35.305] [Server thread/INFO] [net.minecraft.server.MinecraftServer/]: [ElSilverSito: Teleported ElSilverSito to TheForgottenNeo]
[16Jun2025 03:46:30.593] [Server thread/INFO] [net.minecraft.server.MinecraftServer/]: [TheForgottenNeo: Set own game mode to Spectator Mode]
[16Jun2025 03:46:56.091] [Server thread/INFO] [net.minecraft.server.MinecraftServer/]: [TheForgottenNeo: Set own game mode to Survival Mode]
[16Jun2025 03:46:57.837] [Server thread/INFO] [net.minecraft.server.MinecraftServer/]: [TheForgottenNeo: Set own game mode to Creative Mode]
[16Jun2025 03:48:09.894] [Server thread/INFO] [net.minecraft.server.network.ServerLoginPacketListenerImpl/]: com.mojang.authlib.GameProfile@7140bbd1[id=<null>,name=CLOCKWORK,properties={},legacy=false] (/127.98.189.132:57955) lost connection: Disconnected
[16Jun2025 03:48:17.507] [Server thread/INFO] [net.minecraft.server.players.PlayerList/]: CLOCKWORK[/127.98.189.132:47743] logged in with entity id 8240 at (-306.37075800377005, 79.9375, -900.889598667178)
[16Jun2025 03:48:17.540] [Server thread/INFO] [net.minecraft.server.MinecraftServer/]: CLOCKWORK joined the game
[16Jun2025 03:48:19.002] [Server thread/INFO] [voicechat/]: [voicechat] Received secret request of CLOCKWORK (18)
[16Jun2025 03:48:19.003] [Server thread/INFO] [voicechat/]: [voicechat] Sent secret to CLOCKWORK
[16Jun2025 03:48:19.007] [Server thread/WARN] [net.minecraft.server.network.ServerGamePacketListenerImpl/]: ElSilverSito moved too quickly! -6.536491204893565,0.7204000246524629,7.57180133673296
[16Jun2025 03:48:29.259] [VoiceChatPacketProcessingThread/INFO] [voicechat/]: [voicechat] Successfully authenticated player 4e990c8e-cdce-3746-81fd-75cde3bbf744
[16Jun2025 03:48:31.266] [VoiceChatPacketProcessingThread/INFO] [voicechat/]: [voicechat] Successfully validated connection of player 4e990c8e-cdce-3746-81fd-75cde3bbf744
[16Jun2025 03:48:31.267] [VoiceChatPacketProcessingThread/INFO] [voicechat/]: [voicechat] Player CLOCKWORK (4e990c8e-cdce-3746-81fd-75cde3bbf744) successfully connected to voice chat
[16Jun2025 03:48:41.793] [Server thread/INFO] [net.minecraft.world.entity.npc.Villager/]: Villager VillagergolemhealerEntity['Golem Healer'/8262, l='ServerLevel[world]', x=-300.58, y=21.00, z=-915.14] died, message: 'Golem Healer was slain by Zombie'
[16Jun2025 03:48:41.794] [Server thread/INFO] [net.minecraft.world.entity.LivingEntity/]: Named entity VillagergolemhealerEntity['Golem Healer'/8262, l='ServerLevel[world]', x=-300.58, y=21.00, z=-915.14] died: Golem Healer was slain by Zombie
[16Jun2025 03:52:37.399] [Server thread/INFO] [net.minecraft.server.players.PlayerList/]: SHELDOC[/127.109.196.190:40421] logged in with entity id 9694 at (0.5, 75.0, 2.5)
[16Jun2025 03:52:37.425] [Server thread/INFO] [net.minecraft.server.MinecraftServer/]: SHELDOC joined the game
[16Jun2025 03:52:38.689] [Server thread/INFO] [voicechat/]: [voicechat] Received secret request of SHELDOC (18)
[16Jun2025 03:52:38.690] [Server thread/INFO] [voicechat/]: [voicechat] Sent secret to SHELDOC
[16Jun2025 03:52:45.922] [Server thread/INFO] [net.minecraft.server.MinecraftServer/]: [ElSilverSito: Teleported SHELDOC to ElSilverSito]
[16Jun2025 03:52:48.388] [VoiceChatPacketProcessingThread/INFO] [voicechat/]: [voicechat] Successfully authenticated player 4d3d52c9-bfa8-3965-83e3-d80f45d4d135
[16Jun2025 03:52:49.390] [VoiceChatPacketProcessingThread/INFO] [voicechat/]: [voicechat] Successfully validated connection of player 4d3d52c9-bfa8-3965-83e3-d80f45d4d135
[16Jun2025 03:52:49.391] [VoiceChatPacketProcessingThread/INFO] [voicechat/]: [voicechat] Player SHELDOC (4d3d52c9-bfa8-3965-83e3-d80f45d4d135) successfully connected to voice chat
[16Jun2025 03:53:25.849] [Server thread/INFO] [net.minecraft.server.MinecraftServer/]: SHELDOC has made the advancement [Monster Hunter]
[16Jun2025 03:53:32.784] [Server thread/INFO] [net.minecraft.server.MinecraftServer/]: SHELDOC has made the advancement [Stone Age]
[16Jun2025 03:54:26.717] [Server thread/INFO] [net.minecraft.server.MinecraftServer/]: [Not Secure] <SHELDOC> PORQUE no se ve mi skin personalizada del menu?
[16Jun2025 03:54:42.320] [Server thread/INFO] [net.minecraft.server.MinecraftServer/]: [Not Secure] <SHELDOC> :v
[16Jun2025 03:56:47.322] [Server thread/WARN] [net.minecraft.server.network.ServerGamePacketListenerImpl/]: CLOCKWORK moved wrongly!
[16Jun2025 03:58:49.751] [Server thread/INFO] [net.minecraft.server.MinecraftServer/]: [ElSilverSito: Teleported ElSilverSito to CLOCKWORK]
[16Jun2025 03:59:04.849] [Server thread/INFO] [net.minecraft.server.MinecraftServer/]: [ElSilverSito: Teleported ElSilverSito to TheForgottenNeo]
[16Jun2025 03:59:26.448] [Server thread/INFO] [net.minecraft.server.MinecraftServer/]: [Not Secure] <SHELDOC> les puedo ayudar a decorar?
[16Jun2025 03:59:30.349] [Server thread/INFO] [net.minecraft.server.MinecraftServer/]: ElSilverSito has made the advancement [Now You're Growing With Hoppers]
[16Jun2025 04:05:11.316] [Server thread/INFO] [net.minecraft.server.MinecraftServer/]: [ElSilverSito: Teleported ElSilverSito to SHELDOC]
[16Jun2025 04:05:58.679] [Server thread/WARN] [net.minecraft.server.MinecraftServer/]: Can't keep up! Is the server overloaded? Running 2005ms or 40 ticks behind
[16Jun2025 04:07:13.478] [Server thread/WARN] [net.minecraft.server.MinecraftServer/]: Can't keep up! Is the server overloaded? Running 2005ms or 40 ticks behind
[16Jun2025 04:07:34.985] [VoiceChatPacketProcessingThread/INFO] [voicechat/]: [voicechat] Player b5c6629b-2855-3743-a573-3a0212864369 timed out
[16Jun2025 04:07:34.985] [VoiceChatPacketProcessingThread/INFO] [voicechat/]: [voicechat] Reconnecting player TheForgottenNeo
[16Jun2025 04:07:34.985] [VoiceChatPacketProcessingThread/INFO] [voicechat/]: [voicechat] Sent secret to TheForgottenNeo
[16Jun2025 04:07:47.152] [VoiceChatPacketProcessingThread/INFO] [voicechat/]: [voicechat] Successfully authenticated player b5c6629b-2855-3743-a573-3a0212864369
[16Jun2025 04:07:47.365] [Server thread/INFO] [net.minecraft.server.MinecraftServer/]: [ElSilverSito: Teleported CLOCKWORK to ElSilverSito]
[16Jun2025 04:07:48.146] [VoiceChatPacketProcessingThread/INFO] [voicechat/]: [voicechat] Successfully validated connection of player b5c6629b-2855-3743-a573-3a0212864369
[16Jun2025 04:07:48.146] [VoiceChatPacketProcessingThread/INFO] [voicechat/]: [voicechat] Player TheForgottenNeo (b5c6629b-2855-3743-a573-3a0212864369) successfully connected to voice chat
[16Jun2025 04:07:54.185] [Server thread/INFO] [net.minecraft.server.network.ServerGamePacketListenerImpl/]: TheForgottenNeo lost connection: Timed out
[16Jun2025 04:07:54.185] [Server thread/INFO] [net.minecraft.server.MinecraftServer/]: TheForgottenNeo left the game
[16Jun2025 04:07:54.190] [Server thread/INFO] [voicechat/]: [voicechat] Disconnecting client TheForgottenNeo
[16Jun2025 04:07:54.253] [Server thread/WARN] [net.minecraft.network.Connection/]: handleDisconnection() called twice
[16Jun2025 04:08:29.796] [Server thread/INFO] [net.minecraft.server.players.PlayerList/]: TheForgottenNeo[/127.159.187.102:45657] logged in with entity id 18366 at (243.77010065210368, 125.0625, -755.414325867148)
[16Jun2025 04:08:29.833] [Server thread/INFO] [net.minecraft.server.MinecraftServer/]: TheForgottenNeo joined the game
[16Jun2025 04:08:30.139] [Server thread/INFO] [voicechat/]: [voicechat] Received secret request of TheForgottenNeo (18)
[16Jun2025 04:08:30.139] [Server thread/INFO] [voicechat/]: [voicechat] Sent secret to TheForgottenNeo
[16Jun2025 04:08:44.378] [VoiceChatPacketProcessingThread/INFO] [voicechat/]: [voicechat] Successfully authenticated player b5c6629b-2855-3743-a573-3a0212864369
[16Jun2025 04:08:45.378] [VoiceChatPacketProcessingThread/INFO] [voicechat/]: [voicechat] Successfully validated connection of player b5c6629b-2855-3743-a573-3a0212864369
[16Jun2025 04:08:45.378] [VoiceChatPacketProcessingThread/INFO] [voicechat/]: [voicechat] Player TheForgottenNeo (b5c6629b-2855-3743-a573-3a0212864369) successfully connected to voice chat
[16Jun2025 04:09:08.725] [Server thread/WARN] [net.minecraft.server.network.ServerGamePacketListenerImpl/]: SHELDOC moved wrongly!
[16Jun2025 04:09:47.762] [Server thread/INFO] [net.minecraft.server.MinecraftServer/]: [ElSilverSito: Teleported ElSilverSito to CLOCKWORK]
[16Jun2025 04:10:46.814] [Server thread/INFO] [net.minecraft.server.network.ServerGamePacketListenerImpl/]: SHELDOC lost connection: Disconnected
[16Jun2025 04:10:46.815] [Server thread/INFO] [net.minecraft.server.MinecraftServer/]: SHELDOC left the game
[16Jun2025 04:10:46.815] [Server thread/INFO] [voicechat/]: [voicechat] Disconnecting client SHELDOC
[16Jun2025 04:13:13.510] [Server thread/WARN] [net.minecraft.server.network.ServerGamePacketListenerImpl/]: CLOCKWORK moved wrongly!
[16Jun2025 04:13:47.056] [Server thread/INFO] [net.minecraft.server.MinecraftServer/]: CLOCKWORK has made the advancement [Voluntary Exile]
[16Jun2025 04:18:23.208] [Server thread/INFO] [net.minecraft.server.MinecraftServer/]: [ElSilverSito: Teleported ElSilverSito to CLOCKWORK]
[16Jun2025 04:19:07.321] [Server thread/INFO] [net.minecraft.server.MinecraftServer/]: [ElSilverSito: Teleported ElSilverSito to TheForgottenNeo]
[16Jun2025 04:20:46.575] [Server thread/INFO] [net.minecraft.server.MinecraftServer/]: CLOCKWORK has completed the challenge [Hero of the Village]
[16Jun2025 04:23:27.500] [Server thread/INFO] [net.minecraft.server.MinecraftServer/]: [ElSilverSito: Set the weather to clear]
[16Jun2025 04:26:57.857] [VoiceChatPacketProcessingThread/INFO] [voicechat/]: [voicechat] Player fe3ba8d5-cdc0-3e3c-8de3-6e5173bef42b timed out
[16Jun2025 04:26:57.857] [VoiceChatPacketProcessingThread/INFO] [voicechat/]: [voicechat] Reconnecting player ElSilverSito
[16Jun2025 04:26:57.858] [VoiceChatPacketProcessingThread/INFO] [voicechat/]: [voicechat] Sent secret to ElSilverSito
[16Jun2025 04:27:09.752] [Server thread/INFO] [net.minecraft.server.network.ServerGamePacketListenerImpl/]: ElSilverSito lost connection: Timed out
[16Jun2025 04:27:09.753] [Server thread/INFO] [net.minecraft.server.MinecraftServer/]: ElSilverSito left the game
[16Jun2025 04:27:09.753] [Server thread/INFO] [voicechat/]: [voicechat] Disconnecting client ElSilverSito
[16Jun2025 04:27:45.806] [Server thread/INFO] [net.minecraft.server.MinecraftServer/]: CLOCKWORK has completed the challenge [Centennial]
[16Jun2025 04:30:53.931] [Server thread/INFO] [net.minecraft.server.network.ServerGamePacketListenerImpl/]: CLOCKWORK lost connection: Disconnected
[16Jun2025 04:30:53.931] [Server thread/INFO] [net.minecraft.server.MinecraftServer/]: CLOCKWORK left the game
[16Jun2025 04:30:53.932] [Server thread/INFO] [voicechat/]: [voicechat] Disconnecting client CLOCKWORK
[16Jun2025 04:32:34.665] [Server thread/INFO] [net.minecraft.server.players.PlayerList/]: Laira122[/127.15.45.174:50899] logged in with entity id 32884 at (-860.8271207227165, 80.0, 95.51616264526058)
[16Jun2025 04:32:34.684] [Server thread/INFO] [net.minecraft.server.MinecraftServer/]: Laira122 joined the game
[16Jun2025 04:32:36.458] [Server thread/INFO] [voicechat/]: [voicechat] Received secret request of Laira122 (18)
[16Jun2025 04:32:36.459] [Server thread/INFO] [voicechat/]: [voicechat] Sent secret to Laira122
[16Jun2025 04:32:47.588] [VoiceChatPacketProcessingThread/INFO] [voicechat/]: [voicechat] Successfully authenticated player 91116d11-b61b-3e87-9353-90d47475ae8d
[16Jun2025 04:32:48.602] [VoiceChatPacketProcessingThread/INFO] [voicechat/]: [voicechat] Successfully validated connection of player 91116d11-b61b-3e87-9353-90d47475ae8d
[16Jun2025 04:32:48.603] [VoiceChatPacketProcessingThread/INFO] [voicechat/]: [voicechat] Player Laira122 (91116d11-b61b-3e87-9353-90d47475ae8d) successfully connected to voice chat
[16Jun2025 04:33:19.558] [Server thread/INFO] [net.minecraft.server.MinecraftServer/]: [Not Secure] <Laira122> tp plis
[16Jun2025 04:35:11.756] [Server thread/INFO] [net.minecraft.server.MinecraftServer/]: [Not Secure] <TheForgottenNeo> ola
[16Jun2025 04:35:12.881] [Server thread/INFO] [net.minecraft.server.players.PlayerList/]: ElSilverSito[/127.164.157.169:43493] logged in with entity id 34114 at (225.33149982891481, 125.0, -755.6660855337732)
[16Jun2025 04:35:12.915] [Server thread/INFO] [net.minecraft.server.MinecraftServer/]: ElSilverSito joined the game
[16Jun2025 04:35:14.971] [Server thread/INFO] [voicechat/]: [voicechat] Received secret request of ElSilverSito (18)
[16Jun2025 04:35:14.971] [Server thread/INFO] [voicechat/]: [voicechat] Sent secret to ElSilverSito
[16Jun2025 04:35:16.116] [Server thread/INFO] [net.minecraft.server.MinecraftServer/]: [Not Secure] <Laira122> holaaa
[16Jun2025 04:35:16.703] [Server thread/INFO] [net.minecraft.server.MinecraftServer/]: [Not Secure] <TheForgottenNeo> y silver?
[16Jun2025 04:35:28.009] [Server thread/INFO] [net.minecraft.server.MinecraftServer/]: [Not Secure] <Laira122> ya le regreso la luz
[16Jun2025 04:35:29.501] [VoiceChatPacketProcessingThread/INFO] [voicechat/]: [voicechat] Successfully authenticated player fe3ba8d5-cdc0-3e3c-8de3-6e5173bef42b
[16Jun2025 04:35:30.505] [VoiceChatPacketProcessingThread/INFO] [voicechat/]: [voicechat] Successfully validated connection of player fe3ba8d5-cdc0-3e3c-8de3-6e5173bef42b
[16Jun2025 04:35:30.505] [VoiceChatPacketProcessingThread/INFO] [voicechat/]: [voicechat] Player ElSilverSito (fe3ba8d5-cdc0-3e3c-8de3-6e5173bef42b) successfully connected to voice chat
[16Jun2025 04:35:33.705] [Server thread/INFO] [net.minecraft.server.MinecraftServer/]: [Not Secure] <TheForgottenNeo> okok
[16Jun2025 04:35:39.108] [Server thread/INFO] [net.minecraft.server.MinecraftServer/]: [TheForgottenNeo: Set own game mode to Survival Mode]
[16Jun2025 04:35:44.962] [Server thread/INFO] [net.minecraft.server.MinecraftServer/]: [ElSilverSito: Removed 201 item(s) from player ElSilverSito]
[16Jun2025 04:36:18.612] [Server thread/INFO] [net.minecraft.server.MinecraftServer/]: [ElSilverSito: Set own game mode to Survival Mode]
[16Jun2025 04:36:36.670] [Server thread/INFO] [net.minecraft.server.MinecraftServer/]: [ElSilverSito: Set the time to 13000]
[16Jun2025 04:36:45.421] [Server thread/INFO] [net.minecraft.server.MinecraftServer/]: [ElSilverSito: Teleported Laira122 to ElSilverSito]
[16Jun2025 04:39:39.396] [Server thread/INFO] [net.minecraft.server.MinecraftServer/]: [Not Secure] <ElSilverSito> memoris
[16Jun2025 04:39:44.144] [Server thread/INFO] [net.minecraft.server.MinecraftServer/]: [Not Secure] <ElSilverSito> ymimochila?
[16Jun2025 04:39:44.944] [Server thread/INFO] [net.minecraft.server.MinecraftServer/]: [Not Secure] <TheForgottenNeo> ?
[16Jun2025 04:39:51.461] [Server thread/INFO] [net.minecraft.server.MinecraftServer/]: [Not Secure] <TheForgottenNeo> la borraste wey
[16Jun2025 04:39:56.364] [Server thread/INFO] [net.minecraft.server.MinecraftServer/]: [Not Secure] <TheForgottenNeo> te hiciste clear
[16Jun2025 04:39:56.566] [Server thread/INFO] [net.minecraft.server.MinecraftServer/]: [Not Secure] <ElSilverSito> nomames
[16Jun2025 04:40:00.560] [Server thread/INFO] [net.minecraft.server.MinecraftServer/]: [Not Secure] <TheForgottenNeo> pendejo
[16Jun2025 04:40:01.710] [Server thread/INFO] [net.minecraft.server.MinecraftServer/]: [Not Secure] <ElSilverSito> puta madre
[16Jun2025 04:40:36.562] [Server thread/INFO] [net.minecraft.server.MinecraftServer/]: [Not Secure] <ElSilverSito> memorias aryoros vengan a mi serveur
[16Jun2025 04:40:40.756] [Server thread/INFO] [net.minecraft.server.MinecraftServer/]: [Not Secure] <TheForgottenNeo> hay vc
[16Jun2025 04:40:42.256] [Server thread/INFO] [net.minecraft.server.MinecraftServer/]: [Not Secure] <TheForgottenNeo> nmms
[16Jun2025 04:40:55.253] [Server thread/INFO] [net.minecraft.server.network.ServerGamePacketListenerImpl/]: Laira122 lost connection: Disconnected
[16Jun2025 04:40:55.254] [Server thread/INFO] [net.minecraft.server.MinecraftServer/]: Laira122 left the game
[16Jun2025 04:40:55.254] [Server thread/INFO] [voicechat/]: [voicechat] Disconnecting client Laira122
[16Jun2025 04:41:12.165] [Server thread/INFO] [net.minecraft.server.MinecraftServer/]: [ElSilverSito: Set own game mode to Creative Mode]
[16Jun2025 04:42:02.846] [Server thread/INFO] [net.minecraft.server.MinecraftServer/]: [Not Secure] <TheForgottenNeo> yoros
[16Jun2025 04:42:17.217] [Server thread/INFO] [net.minecraft.server.MinecraftServer/]: [Not Secure] <TheForgottenNeo> tetepeamos?
[16Jun2025 04:42:31.208] [Server thread/INFO] [net.minecraft.server.MinecraftServer/]: [ElSilverSito: Set own game mode to Survival Mode]
[16Jun2025 04:43:08.043] [Server thread/INFO] [net.minecraft.server.network.ServerLoginPacketListenerImpl/]: com.mojang.authlib.GameProfile@13f835ae[id=<null>,name=Laira122,properties={},legacy=false] (/127.15.45.174:47217) lost connection: Disconnected
[16Jun2025 04:43:29.741] [Server thread/INFO] [net.minecraft.server.MinecraftServer/]: [Not Secure] <ElSilverSito> join the group
[16Jun2025 04:43:42.542] [Server thread/INFO] [net.minecraft.server.network.ServerLoginPacketListenerImpl/]: com.mojang.authlib.GameProfile@761399a1[id=<null>,name=Laira122,properties={},legacy=false] (/127.15.45.174:55069) lost connection: Disconnected
[16Jun2025 04:44:19.439] [Server thread/INFO] [net.minecraft.server.MinecraftServer/]: [Not Secure] <ElSilverSito> join the group
[16Jun2025 04:44:26.445] [Server thread/WARN] [net.minecraft.server.network.ServerGamePacketListenerImpl/]: ElSilverSito moved wrongly!
[16Jun2025 04:45:55.359] [Server thread/INFO] [net.minecraft.server.players.PlayerList/]: Laira122[/127.15.45.174:42539] logged in with entity id 37779 at (-861.6897121285075, 80.0, 96.1632924370533)
[16Jun2025 04:45:55.381] [Server thread/INFO] [net.minecraft.server.MinecraftServer/]: Laira122 joined the game
[16Jun2025 04:45:56.913] [Server thread/INFO] [voicechat/]: [voicechat] Received secret request of Laira122 (18)
[16Jun2025 04:45:56.913] [Server thread/INFO] [voicechat/]: [voicechat] Sent secret to Laira122
[16Jun2025 04:46:08.132] [VoiceChatPacketProcessingThread/INFO] [voicechat/]: [voicechat] Successfully authenticated player 91116d11-b61b-3e87-9353-90d47475ae8d
[16Jun2025 04:46:08.853] [Server thread/INFO] [net.minecraft.server.MinecraftServer/]: [ElSilverSito: Teleported ElSilverSito to Laira122]
[16Jun2025 04:46:09.140] [VoiceChatPacketProcessingThread/INFO] [voicechat/]: [voicechat] Successfully validated connection of player 91116d11-b61b-3e87-9353-90d47475ae8d
[16Jun2025 04:46:09.142] [VoiceChatPacketProcessingThread/INFO] [voicechat/]: [voicechat] Player Laira122 (91116d11-b61b-3e87-9353-90d47475ae8d) successfully connected to voice chat
[16Jun2025 04:46:31.407] [Server thread/INFO] [net.minecraft.server.MinecraftServer/]: [Not Secure] <Laira122> mande
[16Jun2025 04:46:43.060] [Server thread/INFO] [net.minecraft.server.MinecraftServer/]: [Not Secure] <Laira122> ESTOY EN LLAMADA CXON EL
[16Jun2025 04:47:12.334] [Server thread/WARN] [net.minecraft.world.level.storage.loot.functions.SmeltItemFunction/]: Couldn't smelt 2 bison_fur because there is no smelting recipe
[16Jun2025 04:47:14.623] [Server thread/WARN] [net.minecraft.world.level.storage.loot.functions.SmeltItemFunction/]: Couldn't smelt 2 bison_fur because there is no smelting recipe
[16Jun2025 04:47:21.567] [Server thread/INFO] [net.minecraft.server.MinecraftServer/]: [ElSilverSito: Teleported ElSilverSito to TheForgottenNeo]
[16Jun2025 04:47:33.763] [Server thread/INFO] [net.minecraft.server.MinecraftServer/]: [TheForgottenNeo: Set own game mode to Creative Mode]
[16Jun2025 04:47:37.672] [Server thread/INFO] [net.minecraft.server.MinecraftServer/]: [TheForgottenNeo: Set own game mode to Survival Mode]
[16Jun2025 04:48:19.160] [Server thread/INFO] [net.minecraft.server.MinecraftServer/]: [Not Secure] <Laira122> ya le dijee que activara el chat
[16Jun2025 04:48:38.245] [Server thread/INFO] [net.minecraft.server.MinecraftServer/]: [Not Secure] <Laira122> haz como si le fueras a enseeñar algo del mahou
[16Jun2025 04:48:54.611] [Server thread/INFO] [net.minecraft.server.MinecraftServer/]: [Not Secure] <ElSilverSito> okay
[16Jun2025 04:49:08.372] [Server thread/INFO] [net.minecraft.server.players.PlayerList/]: Ryuakachan[/127.233.184.7:41237] logged in with entity id 39551 at (-859.2197693579735, 82.0, 93.57440307281095)
[16Jun2025 04:49:08.393] [Server thread/INFO] [net.minecraft.server.MinecraftServer/]: Ryuakachan joined the game
[16Jun2025 04:49:10.105] [Server thread/INFO] [voicechat/]: [voicechat] Received secret request of Ryuakachan (18)
[16Jun2025 04:49:10.106] [Server thread/INFO] [voicechat/]: [voicechat] Sent secret to Ryuakachan
[16Jun2025 04:49:14.256] [Server thread/INFO] [net.minecraft.server.MinecraftServer/]: [ElSilverSito: Set the time to 13000]
[16Jun2025 04:49:22.168] [Server thread/INFO] [net.minecraft.server.MinecraftServer/]: [ElSilverSito: Teleported ElSilverSito to Laira122]
[16Jun2025 04:49:32.776] [VoiceChatPacketProcessingThread/INFO] [voicechat/]: [voicechat] Successfully authenticated player e048a918-7cd5-3251-b9b3-c9613b5319fc
[16Jun2025 04:49:33.778] [VoiceChatPacketProcessingThread/INFO] [voicechat/]: [voicechat] Successfully validated connection of player e048a918-7cd5-3251-b9b3-c9613b5319fc
[16Jun2025 04:49:33.779] [VoiceChatPacketProcessingThread/INFO] [voicechat/]: [voicechat] Player Ryuakachan (e048a918-7cd5-3251-b9b3-c9613b5319fc) successfully connected to voice chat
[16Jun2025 04:50:06.207] [Server thread/INFO] [net.minecraft.server.MinecraftServer/]: [TheForgottenNeo: Set own game mode to Creative Mode]
[16Jun2025 04:50:12.009] [Server thread/INFO] [net.minecraft.server.MinecraftServer/]: [TheForgottenNeo: Set own game mode to Survival Mode]
[16Jun2025 04:50:26.058] [Server thread/INFO] [net.minecraft.server.MinecraftServer/]: [ElSilverSito: Teleported ElSilverSito to TheForgottenNeo]
[16Jun2025 04:51:05.723] [Server thread/INFO] [net.minecraft.server.MinecraftServer/]: [TheForgottenNeo: Teleported Laira122 to ElSilverSito]
[16Jun2025 04:51:05.814] [Server thread/INFO] [net.minecraft.server.MinecraftServer/]: [ElSilverSito: Teleported Ryuakachan to ElSilverSito]
[16Jun2025 04:56:26.046] [Server thread/INFO] [net.minecraft.server.MinecraftServer/]: [ElSilverSito: Gave 1 [Golden Apple] to Laira122]
[16Jun2025 04:57:11.243] [Server thread/INFO] [net.minecraft.server.MinecraftServer/]: [ElSilverSito: Gave 1 [Block of Diamond] to Ryuakachan]
[16Jun2025 04:58:08.654] [Server thread/INFO] [net.minecraft.server.MinecraftServer/]: [ElSilverSito: Set own game mode to Creative Mode]
[16Jun2025 04:58:14.596] [Server thread/INFO] [net.minecraft.server.MinecraftServer/]: [ElSilverSito: Set own game mode to Survival Mode]
[16Jun2025 04:59:31.392] [Server thread/INFO] [net.minecraft.server.MinecraftServer/]: [Not Secure] <TheForgottenNeo> hear:man-heart-man::man-heart-man::man-heart-man::man-heart-man::man-heart-man::man-heart-man::man-heart-man::man-heart-man:
[16Jun2025 04:59:49.942] [Server thread/INFO] [net.minecraft.server.MinecraftServer/]: [Not Secure] <TheForgottenNeo> :two_hearts::revolving_hearts::couple_with_heart::heartpulse::heart::hearts:\
[16Jun2025 05:01:01.297] [Server thread/WARN] [net.minecraft.server.network.ServerGamePacketListenerImpl/]: ElSilverSito moved wrongly!
[16Jun2025 05:01:05.899] [Server thread/INFO] [net.minecraft.server.MinecraftServer/]: [ElSilverSito: Set own game mode to Creative Mode]
[16Jun2025 05:01:16.022] [Server thread/INFO] [net.minecraft.server.MinecraftServer/]: [ElSilverSito: Set own game mode to Survival Mode]
[16Jun2025 05:01:19.201] [Server thread/INFO] [net.minecraft.server.MinecraftServer/]: [ElSilverSito: Set the time to 13000]
[16Jun2025 05:02:54.052] [Server thread/INFO] [net.minecraft.server.MinecraftServer/]: [Not Secure] <ElSilverSito> simon
[16Jun2025 05:02:57.764] [Server thread/INFO] [net.minecraft.server.MinecraftServer/]: [Not Secure] <ElSilverSito> digo
[16Jun2025 05:03:00.793] [Server thread/INFO] [net.minecraft.server.MinecraftServer/]: [Not Secure] <ElSilverSito> eskividi
[16Jun2025 05:03:04.545] [Server thread/INFO] [net.minecraft.server.MinecraftServer/]: [Not Secure] <TheForgottenNeo> YYYYYYYY
[16Jun2025 05:03:44.059] [VoiceChatPacketProcessingThread/INFO] [voicechat/]: [voicechat] Player fe3ba8d5-cdc0-3e3c-8de3-6e5173bef42b timed out
[16Jun2025 05:03:44.059] [VoiceChatPacketProcessingThread/INFO] [voicechat/]: [voicechat] Reconnecting player ElSilverSito
[16Jun2025 05:03:44.060] [VoiceChatPacketProcessingThread/INFO] [voicechat/]: [voicechat] Sent secret to ElSilverSito
[16Jun2025 05:03:45.067] [VoiceChatPacketProcessingThread/INFO] [voicechat/]: [voicechat] Player 91116d11-b61b-3e87-9353-90d47475ae8d timed out
[16Jun2025 05:03:45.067] [VoiceChatPacketProcessingThread/INFO] [voicechat/]: [voicechat] Reconnecting player Laira122
[16Jun2025 05:03:45.068] [VoiceChatPacketProcessingThread/INFO] [voicechat/]: [voicechat] Sent secret to Laira122
[16Jun2025 05:03:45.068] [VoiceChatPacketProcessingThread/INFO] [voicechat/]: [voicechat] Player b5c6629b-2855-3743-a573-3a0212864369 timed out
[16Jun2025 05:03:45.068] [VoiceChatPacketProcessingThread/INFO] [voicechat/]: [voicechat] Reconnecting player TheForgottenNeo
[16Jun2025 05:03:45.069] [VoiceChatPacketProcessingThread/INFO] [voicechat/]: [voicechat] Sent secret to TheForgottenNeo
[16Jun2025 05:03:46.077] [VoiceChatPacketProcessingThread/INFO] [voicechat/]: [voicechat] Player e048a918-7cd5-3251-b9b3-c9613b5319fc timed out
[16Jun2025 05:03:46.077] [VoiceChatPacketProcessingThread/INFO] [voicechat/]: [voicechat] Reconnecting player Ryuakachan
[16Jun2025 05:03:46.078] [VoiceChatPacketProcessingThread/INFO] [voicechat/]: [voicechat] Sent secret to Ryuakachan
[16Jun2025 05:03:54.944] [Server thread/INFO] [net.minecraft.server.network.ServerGamePacketListenerImpl/]: Ryuakachan lost connection: Timed out
[16Jun2025 05:03:54.945] [Server thread/INFO] [net.minecraft.server.MinecraftServer/]: Ryuakachan left the game
[16Jun2025 05:03:54.945] [Server thread/INFO] [voicechat/]: [voicechat] Disconnecting client Ryuakachan
[16Jun2025 05:03:56.993] [Server thread/INFO] [net.minecraft.server.network.ServerGamePacketListenerImpl/]: Laira122 lost connection: Timed out
[16Jun2025 05:03:56.994] [Server thread/INFO] [net.minecraft.server.MinecraftServer/]: Laira122 left the game
[16Jun2025 05:03:56.994] [Server thread/INFO] [voicechat/]: [voicechat] Disconnecting client Laira122
[16Jun2025 05:04:00.839] [Server thread/INFO] [net.minecraft.server.network.ServerGamePacketListenerImpl/]: ElSilverSito lost connection: Timed out
[16Jun2025 05:04:00.839] [Server thread/INFO] [net.minecraft.server.MinecraftServer/]: ElSilverSito left the game
[16Jun2025 05:04:00.839] [Server thread/INFO] [voicechat/]: [voicechat] Disconnecting client ElSilverSito
[16Jun2025 05:04:05.089] [Server thread/INFO] [net.minecraft.server.network.ServerGamePacketListenerImpl/]: TheForgottenNeo lost connection: Timed out
[16Jun2025 05:04:05.089] [Server thread/INFO] [net.minecraft.server.MinecraftServer/]: TheForgottenNeo left the game
[16Jun2025 05:04:05.090] [Server thread/INFO] [voicechat/]: [voicechat] Disconnecting client TheForgottenNeo
[16Jun2025 05:04:13.141] [Server thread/INFO] [net.minecraft.server.players.PlayerList/]: Laira122[/127.15.45.174:53531] logged in with entity id 41879 at (226.76146221840474, 125.125, -756.2490114961626)
[16Jun2025 05:04:13.160] [Server thread/INFO] [net.minecraft.server.MinecraftServer/]: Laira122 joined the game
[16Jun2025 05:04:14.005] [Server thread/INFO] [voicechat/]: [voicechat] Received secret request of Laira122 (18)
[16Jun2025 05:04:14.005] [Server thread/INFO] [voicechat/]: [voicechat] Sent secret to Laira122
[16Jun2025 05:04:20.412] [Server thread/INFO] [net.minecraft.server.players.PlayerList/]: ElSilverSito[/127.164.157.169:53551] logged in with entity id 42146 at (235.6756353539617, 130.67612189314812, -734.6999999880791)
[16Jun2025 05:04:20.440] [Server thread/INFO] [net.minecraft.server.MinecraftServer/]: ElSilverSito joined the game
[16Jun2025 05:04:21.706] [Server thread/INFO] [voicechat/]: [voicechat] Received secret request of ElSilverSito (18)
[16Jun2025 05:04:21.707] [Server thread/INFO] [voicechat/]: [voicechat] Sent secret to ElSilverSito
[16Jun2025 05:04:21.966] [VoiceChatPacketProcessingThread/INFO] [voicechat/]: [voicechat] Successfully authenticated player 91116d11-b61b-3e87-9353-90d47475ae8d
[16Jun2025 05:04:22.476] [Server thread/INFO] [net.minecraft.server.players.PlayerList/]: TheForgottenNeo[/127.159.187.102:51461] logged in with entity id 42156 at (237.7013416820904, 123.0, -694.3560956817471)
[16Jun2025 05:04:22.499] [Server thread/INFO] [net.minecraft.server.MinecraftServer/]: TheForgottenNeo joined the game
[16Jun2025 05:04:22.686] [Server thread/INFO] [voicechat/]: [voicechat] Received secret request of TheForgottenNeo (18)
[16Jun2025 05:04:22.687] [Server thread/INFO] [voicechat/]: [voicechat] Sent secret to TheForgottenNeo
[16Jun2025 05:04:22.978] [VoiceChatPacketProcessingThread/INFO] [voicechat/]: [voicechat] Successfully validated connection of player 91116d11-b61b-3e87-9353-90d47475ae8d
[16Jun2025 05:04:22.978] [VoiceChatPacketProcessingThread/INFO] [voicechat/]: [voicechat] Player Laira122 (91116d11-b61b-3e87-9353-90d47475ae8d) successfully connected to voice chat
[16Jun2025 05:04:30.293] [Server thread/INFO] [net.minecraft.server.network.ServerLoginPacketListenerImpl/]: Disconnecting com.mojang.authlib.GameProfile@fa10931[id=<null>,name=ElSilverSito,properties={},legacy=false] (/127.164.157.169:36793): Took too long to log in
[16Jun2025 05:04:30.296] [Server thread/INFO] [net.minecraft.server.network.ServerLoginPacketListenerImpl/]: com.mojang.authlib.GameProfile@fa10931[id=<null>,name=ElSilverSito,properties={},legacy=false] (/127.164.157.169:36793) lost connection: Took too long to log in
[16Jun2025 05:04:30.345] [Server thread/WARN] [net.minecraft.network.Connection/]: handleDisconnection() called twice
[16Jun2025 05:04:32.131] [VoiceChatPacketProcessingThread/INFO] [voicechat/]: [voicechat] Successfully authenticated player fe3ba8d5-cdc0-3e3c-8de3-6e5173bef42b
[16Jun2025 05:04:32.194] [Server thread/INFO] [net.minecraft.server.network.ServerLoginPacketListenerImpl/]: com.mojang.authlib.GameProfile@1ea31e2d[id=<null>,name=Ryuakachan,properties={},legacy=false] (/127.233.184.7:47303) lost connection: Disconnected
[16Jun2025 05:04:33.130] [VoiceChatPacketProcessingThread/INFO] [voicechat/]: [voicechat] Successfully validated connection of player fe3ba8d5-cdc0-3e3c-8de3-6e5173bef42b
[16Jun2025 05:04:33.130] [VoiceChatPacketProcessingThread/INFO] [voicechat/]: [voicechat] Player ElSilverSito (fe3ba8d5-cdc0-3e3c-8de3-6e5173bef42b) successfully connected to voice chat
[16Jun2025 05:04:38.332] [VoiceChatPacketProcessingThread/INFO] [voicechat/]: [voicechat] Successfully authenticated player b5c6629b-2855-3743-a573-3a0212864369
[16Jun2025 05:04:39.333] [VoiceChatPacketProcessingThread/INFO] [voicechat/]: [voicechat] Successfully validated connection of player b5c6629b-2855-3743-a573-3a0212864369
[16Jun2025 05:04:39.333] [VoiceChatPacketProcessingThread/INFO] [voicechat/]: [voicechat] Player TheForgottenNeo (b5c6629b-2855-3743-a573-3a0212864369) successfully connected to voice chat
[16Jun2025 05:04:47.001] [Server thread/INFO] [net.minecraft.server.MinecraftServer/]: [Not Secure] [Server] una disculpa por lo que paso quiero pedirles que tengan una linda boda y que siga su noche
[16Jun2025 05:05:16.043] [Server thread/INFO] [net.minecraft.server.network.ServerLoginPacketListenerImpl/]: com.mojang.authlib.GameProfile@67cc602b[id=<null>,name=Ryuakachan,properties={},legacy=false] (/127.233.184.7:58147) lost connection: Disconnected
[16Jun2025 05:05:21.746] [Server thread/WARN] [net.minecraft.server.network.ServerGamePacketListenerImpl/]: ElSilverSito moved too quickly! -9.78247440271781,-3.645231431965499,-0.3744588879571893
[16Jun2025 05:05:48.393] [Server thread/INFO] [net.minecraft.server.network.ServerLoginPacketListenerImpl/]: com.mojang.authlib.GameProfile@313b2ad6[id=<null>,name=Ryuakachan,properties={},legacy=false] (/127.233.184.7:57189) lost connection: Disconnected
[16Jun2025 05:06:04.355] [Server thread/INFO] [net.minecraft.server.players.PlayerList/]: Ryuakachan[/127.233.184.7:54843] logged in with entity id 42393 at (233.48750001192093, 125.0625, -754.1926419767724)
[16Jun2025 05:06:04.373] [Server thread/INFO] [net.minecraft.server.MinecraftServer/]: Ryuakachan joined the game
[16Jun2025 05:06:04.656] [Server thread/INFO] [voicechat/]: [voicechat] Received secret request of Ryuakachan (18)
[16Jun2025 05:06:04.656] [Server thread/INFO] [voicechat/]: [voicechat] Sent secret to Ryuakachan
[16Jun2025 05:06:16.487] [VoiceChatPacketProcessingThread/INFO] [voicechat/]: [voicechat] Successfully authenticated player e048a918-7cd5-3251-b9b3-c9613b5319fc
[16Jun2025 05:06:17.462] [VoiceChatPacketProcessingThread/INFO] [voicechat/]: [voicechat] Successfully validated connection of player e048a918-7cd5-3251-b9b3-c9613b5319fc
[16Jun2025 05:06:17.463] [VoiceChatPacketProcessingThread/INFO] [voicechat/]: [voicechat] Player Ryuakachan (e048a918-7cd5-3251-b9b3-c9613b5319fc) successfully connected to voice chat
[16Jun2025 05:07:33.507] [Server thread/INFO] [net.minecraft.server.MinecraftServer/]: [ElSilverSito: Teleported ElSilverSito to TheForgottenNeo]
[16Jun2025 05:07:49.968] [Server thread/INFO] [net.minecraft.server.MinecraftServer/]: [ElSilverSito: Teleported ElSilverSito to TheForgottenNeo]
[16Jun2025 05:08:31.541] [Server thread/INFO] [net.minecraft.server.MinecraftServer/]: [Not Secure] <ElSilverSito> laira mira pa aca
[16Jun2025 05:09:00.794] [Server thread/INFO] [net.minecraft.server.MinecraftServer/]: [Not Secure] <ElSilverSito> metele mas presupuesto pa.
[16Jun2025 05:09:16.552] [Server thread/INFO] [net.minecraft.server.MinecraftServer/]: [ElSilverSito: Set the time to 13000]
[16Jun2025 05:09:32.020] [Server thread/INFO] [net.minecraft.server.MinecraftServer/]: [TheForgottenNeo: Config for reliquary of type SERVER not found]
[16Jun2025 05:09:43.655] [Server thread/INFO] [net.minecraft.server.MinecraftServer/]: [Not Secure] <ElSilverSito> gpi al valo par de cachondos
[16Jun2025 05:11:52.963] [Server thread/INFO] [net.minecraft.server.MinecraftServer/]: [ElSilverSito: Teleported ElSilverSito to Laira122]
[16Jun2025 05:12:00.060] [Server thread/INFO] [net.minecraft.server.MinecraftServer/]: [TheForgottenNeo: Teleported TheForgottenNeo to ElSilverSito]
[16Jun2025 05:12:06.272] [Server thread/INFO] [net.minecraft.server.MinecraftServer/]: [Not Secure] <ElSilverSito> alejandro
[16Jun2025 05:12:12.394] [Server thread/INFO] [net.minecraft.server.MinecraftServer/]: [Not Secure] <Ryuakachan> dime
[16Jun2025 05:12:15.445] [Server thread/WARN] [net.minecraft.server.network.ServerGamePacketListenerImpl/]: Laira122 moved wrongly!
[16Jun2025 05:12:17.319] [Server thread/INFO] [net.minecraft.server.MinecraftServer/]: [Not Secure] <ElSilverSito> kiero q sepas q lovyou
[16Jun2025 05:12:19.798] [Server thread/INFO] [net.minecraft.server.MinecraftServer/]: Ryuakachan was shot by ElSilverSito
[16Jun2025 05:12:32.804] [Server thread/INFO] [net.minecraft.server.MinecraftServer/]: [ElSilverSito: Teleported Ryuakachan to Laira122]
[16Jun2025 05:13:06.317] [Server thread/INFO] [net.minecraft.server.MinecraftServer/]: Laira122 has made the advancement [Sweet Dreams]
[16Jun2025 05:13:08.901] [Server thread/INFO] [net.minecraft.server.MinecraftServer/]: Ryuakachan has made the advancement [Sweet Dreams]
[16Jun2025 05:13:42.107] [Server thread/INFO] [net.minecraft.server.MinecraftServer/]: [ElSilverSito: Applied effect Invisibility to ElSilverSito]
[16Jun2025 05:13:46.644] [Server thread/INFO] [net.minecraft.server.MinecraftServer/]: [ElSilverSito: Applied effect Invisibility to ElSilverSito]
[16Jun2025 05:14:00.019] [Server thread/INFO] [net.minecraft.server.MinecraftServer/]: [ElSilverSito: Applied effect Invisibility to TheForgottenNeo]
[16Jun2025 05:14:26.892] [Server thread/INFO] [net.minecraft.server.MinecraftServer/]: [ElSilverSito: Teleported ElSilverSito to Laira122]
[16Jun2025 05:14:40.363] [Server thread/INFO] [net.minecraft.server.MinecraftServer/]: [TheForgottenNeo: Teleported TheForgottenNeo to ElSilverSito]
[16Jun2025 05:14:51.653] [Server thread/INFO] [net.minecraft.server.MinecraftServer/]: [TheForgottenNeo: Teleported TheForgottenNeo to ElSilverSito]
[16Jun2025 05:15:08.593] [Server thread/WARN] [net.minecraft.server.network.ServerGamePacketListenerImpl/]: Laira122 moved wrongly!
[16Jun2025 05:15:51.868] [Server thread/INFO] [net.minecraft.server.MinecraftServer/]: [ElSilverSito: Teleported ElSilverSito to TheForgottenNeo]
[16Jun2025 05:17:03.356] [Server thread/INFO] [net.minecraft.server.MinecraftServer/]: [TheForgottenNeo: Teleported TheForgottenNeo to ElSilverSito]
[16Jun2025 05:17:05.195] [Server thread/WARN] [net.minecraft.server.network.ServerGamePacketListenerImpl/]: Laira122 moved wrongly!
[16Jun2025 05:17:05.650] [Server thread/WARN] [net.minecraft.server.network.ServerGamePacketListenerImpl/]: Ryuakachan moved wrongly!
[16Jun2025 05:17:23.949] [Server thread/INFO] [net.minecraft.server.MinecraftServer/]: Ryuakachan has made the advancement [A Fool's Folly]
[16Jun2025 05:17:33.495] [Server thread/INFO] [net.minecraft.server.MinecraftServer/]: Laira122 has made the advancement [A Fool's Folly]
[16Jun2025 05:18:21.306] [Server thread/INFO] [net.minecraft.server.MinecraftServer/]: Laira122 has made the advancement [Tools of the Trade]
[16Jun2025 05:18:36.514] [Server thread/INFO] [net.minecraft.server.MinecraftServer/]: [ElSilverSito: Teleported ElSilverSito to TheForgottenNeo]
[16Jun2025 05:18:54.596] [Server thread/INFO] [net.minecraft.server.MinecraftServer/]: TheForgottenNeo has made the advancement [A Fool's Folly]
[16Jun2025 05:19:18.140] [Server thread/INFO] [net.minecraft.world.entity.npc.Villager/]: Villager Villager['Villager'/49746, l='ServerLevel[world]', x=321.91, y=121.00, z=505.58] died, message: 'Villager was reduced to atoms'
[16Jun2025 05:19:18.364] [Server thread/INFO] [net.minecraft.server.MinecraftServer/]: [ElSilverSito: Teleported ElSilverSito to TheForgottenNeo]
[16Jun2025 05:19:44.200] [Server thread/INFO] [net.minecraft.server.MinecraftServer/]: Ryuakachan has reached the goal [Quaint Scribe]
[16Jun2025 05:19:50.901] [Server thread/INFO] [net.minecraft.server.MinecraftServer/]: Laira122 has reached the goal [Quaint Scribe]
[16Jun2025 05:20:19.262] [Server thread/WARN] [net.minecraft.server.network.ServerGamePacketListenerImpl/]: ElSilverSito moved too quickly! -29.485799557683578,17.880661883979258,-6.895243869092667
[16Jun2025 05:20:19.813] [Server thread/WARN] [net.minecraft.server.network.ServerGamePacketListenerImpl/]: ElSilverSito moved too quickly! -15.921323187292558,5.444886845291194,-3.6791366069331843
[16Jun2025 05:20:22.874] [Server thread/WARN] [net.minecraft.server.MinecraftServer/]: Can't keep up! Is the server overloaded? Running 2100ms or 42 ticks behind
[16Jun2025 05:21:25.549] [Server thread/WARN] [net.minecraft.server.MinecraftServer/]: Can't keep up! Is the server overloaded? Running 2025ms or 40 ticks behind
[16Jun2025 05:21:32.508] [Server thread/INFO] [net.minecraft.server.MinecraftServer/]: [Not Secure] <Ryuakachan> que explotaron?
[16Jun2025 05:21:55.855] [Server thread/WARN] [net.minecraft.server.MinecraftServer/]: Can't keep up! Is the server overloaded? Running 2032ms or 40 ticks behind
[16Jun2025 05:22:09.750] [Server thread/INFO] [net.minecraft.server.MinecraftServer/]: [Not Secure] <ElSilverSito> nadap chance cargaron chunks de donde esta la base del yoros, hay como 2 nukes precargadas
[16Jun2025 05:22:12.280] [Server thread/WARN] [net.minecraft.server.network.ServerGamePacketListenerImpl/]: TheForgottenNeo moved too quickly! -1.5953704515632694,-2.5377479086373,-10.269394299284727
[16Jun2025 05:22:15.950] [Server thread/INFO] [net.minecraft.server.MinecraftServer/]: [ElSilverSito: Removed every effect from ElSilverSito]
[16Jun2025 05:22:17.688] [Server thread/WARN] [net.minecraft.server.MinecraftServer/]: Can't keep up! Is the server overloaded? Running 6865ms or 137 ticks behind
[16Jun2025 05:22:19.187] [Server thread/INFO] [net.minecraft.server.MinecraftServer/]: [ElSilverSito: Applied effect Invisibility to ElSilverSito]
[16Jun2025 05:22:23.311] [Server thread/INFO] [net.minecraft.server.MinecraftServer/]: [ElSilverSito: Teleported ElSilverSito to Laira122]
[16Jun2025 05:22:25.814] [Server thread/INFO] [net.minecraft.server.MinecraftServer/]: [Not Secure] <Ryuakachan> pueeeede
[16Jun2025 05:22:36.616] [Server thread/INFO] [net.minecraft.server.MinecraftServer/]: [Not Secure] <ElSilverSito> smn
[16Jun2025 05:23:16.684] [Server thread/WARN] [net.minecraft.server.MinecraftServer/]: Can't keep up! Is the server overloaded? Running 2010ms or 40 ticks behind
[16Jun2025 05:23:37.485] [Server thread/WARN] [net.minecraft.server.MinecraftServer/]: Can't keep up! Is the server overloaded? Running 2011ms or 40 ticks behind
[16Jun2025 05:23:54.670] [Server thread/WARN] [net.minecraft.server.MinecraftServer/]: Can't keep up! Is the server overloaded? Running 2196ms or 43 ticks behind
[16Jun2025 05:24:14.302] [Server thread/WARN] [net.minecraft.server.MinecraftServer/]: Can't keep up! Is the server overloaded? Running 4678ms or 93 ticks behind
[16Jun2025 05:24:32.029] [Server thread/INFO] [net.minecraft.server.MinecraftServer/]: [ElSilverSito: Removed every effect from ElSilverSito]
[16Jun2025 05:24:36.400] [Server thread/WARN] [net.minecraft.server.MinecraftServer/]: Can't keep up! Is the server overloaded? Running 7127ms or 142 ticks behind
[16Jun2025 05:24:45.630] [Server thread/WARN] [net.minecraft.server.network.ServerGamePacketListenerImpl/]: ElSilverSito moved wrongly!
[16Jun2025 05:24:53.347] [Worker-Main-3/WARN] [net.minecraft.world.level.levelgen.structure.pools.JigsawPlacement/]: Empty or non-existent pool: minecraft:
[16Jun2025 05:24:57.028] [Server thread/WARN] [net.minecraft.server.MinecraftServer/]: Can't keep up! Is the server overloaded? Running 5655ms or 113 ticks behind
[16Jun2025 05:25:01.952] [Server thread/INFO] [net.minecraft.server.MinecraftServer/]: [TheForgottenNeo: Removed every effect from TheForgottenNeo]
[16Jun2025 05:25:17.402] [Server thread/WARN] [net.minecraft.server.MinecraftServer/]: Can't keep up! Is the server overloaded? Running 5379ms or 107 ticks behind
[16Jun2025 05:25:38.253] [Server thread/WARN] [net.minecraft.server.MinecraftServer/]: Can't keep up! Is the server overloaded? Running 5880ms or 117 ticks behind
[16Jun2025 05:26:01.073] [Server thread/WARN] [net.minecraft.server.MinecraftServer/]: Can't keep up! Is the server overloaded? Running 7850ms or 157 ticks behind
[16Jun2025 05:26:24.309] [Server thread/WARN] [net.minecraft.server.MinecraftServer/]: Can't keep up! Is the server overloaded? Running 8235ms or 164 ticks behind
[16Jun2025 05:26:43.965] [Server thread/WARN] [net.minecraft.server.MinecraftServer/]: Can't keep up! Is the server overloaded? Running 4692ms or 93 ticks behind
[16Jun2025 05:27:04.884] [Server thread/WARN] [net.minecraft.server.MinecraftServer/]: Can't keep up! Is the server overloaded? Running 5961ms or 119 ticks behind
[16Jun2025 05:27:08.074] [Server thread/WARN] [net.minecraft.server.network.ServerGamePacketListenerImpl/]: Laira122 moved wrongly!
[16Jun2025 05:27:10.137] [Server thread/WARN] [net.minecraft.server.network.ServerGamePacketListenerImpl/]: Ryuakachan moved wrongly!
[16Jun2025 05:27:38.224] [Server thread/WARN] [net.minecraft.server.network.ServerGamePacketListenerImpl/]: ElSilverSito moved too quickly! -5.603088473542854,5.304158928953598,6.679531675074713
[16Jun2025 05:27:41.798] [Server thread/WARN] [net.minecraft.server.MinecraftServer/]: Can't keep up! Is the server overloaded? Running 21924ms or 438 ticks behind
[16Jun2025 05:28:01.126] [Server thread/WARN] [net.minecraft.server.MinecraftServer/]: Can't keep up! Is the server overloaded? Running 4353ms or 87 ticks behind
[16Jun2025 05:29:22.868] [Server thread/INFO] [net.minecraft.server.MinecraftServer/]: [Not Secure] <TheForgottenNeo> chicos
[16Jun2025 05:29:26.700] [Server thread/INFO] [net.minecraft.server.MinecraftServer/]: [Not Secure] <TheForgottenNeo> en todo caso
[16Jun2025 05:29:32.627] [Server thread/INFO] [net.minecraft.server.MinecraftServer/]: [Not Secure] <TheForgottenNeo> si encuentran ojos de ender
[16Jun2025 05:29:55.101] [Server thread/INFO] [net.minecraft.server.MinecraftServer/]: [Not Secure] <TheForgottenNeo> pero especiales nos avisan que eso es lo que necesitamos para encender el portal
[16Jun2025 05:30:16.279] [Server thread/WARN] [net.minecraft.server.MinecraftServer/]: Can't keep up! Is the server overloaded? Running 2006ms or 40 ticks behind
[16Jun2025 05:32:13.812] [Server thread/WARN] [net.minecraft.server.network.ServerGamePacketListenerImpl/]: Ryuakachan moved wrongly!
[16Jun2025 05:32:36.092] [Server thread/WARN] [net.minecraft.server.network.ServerGamePacketListenerImpl/]: Laira122 moved wrongly!
[16Jun2025 05:32:38.194] [Server thread/WARN] [net.minecraft.server.network.ServerGamePacketListenerImpl/]: Ryuakachan moved wrongly!
[16Jun2025 05:33:12.706] [Server thread/INFO] [net.minecraft.server.MinecraftServer/]: ElSilverSito was shot by TheForgottenNeo
[16Jun2025 05:33:26.052] [Server thread/WARN] [net.minecraft.server.network.ServerGamePacketListenerImpl/]: Ryuakachan moved wrongly!
[16Jun2025 05:33:28.659] [Server thread/WARN] [net.minecraft.server.network.ServerGamePacketListenerImpl/]: Laira122 moved wrongly!
[16Jun2025 05:33:31.183] [Server thread/WARN] [net.minecraft.server.MinecraftServer/]: Can't keep up! Is the server overloaded? Running 2059ms or 41 ticks behind
[16Jun2025 05:33:54.342] [Server thread/WARN] [net.minecraft.server.MinecraftServer/]: Can't keep up! Is the server overloaded? Running 2019ms or 40 ticks behind
[16Jun2025 05:34:11.498] [Server thread/WARN] [net.minecraft.server.MinecraftServer/]: Can't keep up! Is the server overloaded? Running 2175ms or 43 ticks behind
[16Jun2025 05:34:14.899] [Server thread/INFO] [net.minecraft.server.MinecraftServer/]: [ElSilverSito: Teleported ElSilverSito to Laira122]
[16Jun2025 05:35:39.875] [Server thread/INFO] [net.minecraft.server.MinecraftServer/]: [ElSilverSito: Teleported ElSilverSito to TheForgottenNeo]
[16Jun2025 05:35:59.539] [Server thread/WARN] [net.minecraft.server.MinecraftServer/]: Can't keep up! Is the server overloaded? Running 2015ms or 40 ticks behind
[16Jun2025 05:36:18.231] [Server thread/WARN] [net.minecraft.server.MinecraftServer/]: Can't keep up! Is the server overloaded? Running 2008ms or 40 ticks behind
[16Jun2025 05:39:12.925] [Server thread/WARN] [net.minecraft.server.MinecraftServer/]: Can't keep up! Is the server overloaded? Running 2002ms or 40 ticks behind
[16Jun2025 05:40:53.070] [Server thread/WARN] [net.minecraft.server.network.ServerGamePacketListenerImpl/]: Laira122 moved wrongly!
[16Jun2025 05:40:56.033] [Server thread/WARN] [net.minecraft.server.network.ServerGamePacketListenerImpl/]: Ryuakachan moved wrongly!
[16Jun2025 05:40:58.427] [Server thread/INFO] [net.minecraft.server.network.ServerGamePacketListenerImpl/]: TheForgottenNeo lost connection: Disconnected
[16Jun2025 05:40:58.428] [Server thread/INFO] [net.minecraft.server.MinecraftServer/]: TheForgottenNeo left the game
[16Jun2025 05:40:58.428] [Server thread/INFO] [voicechat/]: [voicechat] Disconnecting client TheForgottenNeo
[16Jun2025 05:41:12.092] [Server thread/INFO] [net.minecraft.server.players.PlayerList/]: TheForgottenNeo[/127.159.187.102:42939] logged in with entity id 65507 at (74.06912184911059, 104.0, -488.4625238958464)
[16Jun2025 05:41:12.115] [Server thread/INFO] [net.minecraft.server.MinecraftServer/]: TheForgottenNeo joined the game
[16Jun2025 05:41:12.347] [Server thread/INFO] [voicechat/]: [voicechat] Received secret request of TheForgottenNeo (18)
[16Jun2025 05:41:12.347] [Server thread/INFO] [voicechat/]: [voicechat] Sent secret to TheForgottenNeo
[16Jun2025 05:41:25.879] [VoiceChatPacketProcessingThread/INFO] [voicechat/]: [voicechat] Successfully authenticated player b5c6629b-2855-3743-a573-3a0212864369
[16Jun2025 05:41:26.883] [VoiceChatPacketProcessingThread/INFO] [voicechat/]: [voicechat] Successfully validated connection of player b5c6629b-2855-3743-a573-3a0212864369
[16Jun2025 05:41:26.883] [VoiceChatPacketProcessingThread/INFO] [voicechat/]: [voicechat] Player TheForgottenNeo (b5c6629b-2855-3743-a573-3a0212864369) successfully connected to voice chat
[16Jun2025 05:42:25.511] [Server thread/INFO] [net.minecraft.server.MinecraftServer/]: [ElSilverSito: Teleported ElSilverSito to Laira122]
[16Jun2025 05:45:12.171] [Server thread/INFO] [net.minecraft.server.MinecraftServer/]: [ElSilverSito: Teleported ElSilverSito to Laira122]
[16Jun2025 05:45:56.310] [Server thread/INFO] [net.minecraft.server.MinecraftServer/]: [TheForgottenNeo: Teleported TheForgottenNeo to ElSilverSito]
[16Jun2025 05:46:55.699] [Server thread/INFO] [net.minecraft.server.MinecraftServer/]: [ElSilverSito: Summoned new entity.mowziesmobs.solar_beam]
[16Jun2025 05:47:11.751] [Server thread/INFO] [net.minecraft.server.MinecraftServer/]: Laira122 has made the advancement [Called Your Bluff]
[16Jun2025 05:47:12.935] [Server thread/WARN] [net.minecraft.world.entity.EntityType/]: Exception loading entity: 
net.minecraft.ReportedException: Loading entity NBT
	at net.minecraft.world.entity.Entity.m_20258_(Entity.java:1765) ~[server-1.20.1-20230612.114412-srg.jar%23315!/:?]
	at net.minecraft.world.entity.EntityType.m_185988_(EntityType.java:532) ~[server-1.20.1-20230612.114412-srg.jar%23315!/:?]
	at net.minecraft.Util.m_137521_(Util.java:419) ~[server-1.20.1-20230612.114412-srg.jar%23315!/:?]
	at net.minecraft.world.entity.EntityType.m_20642_(EntityType.java:529) ~[server-1.20.1-20230612.114412-srg.jar%23315!/:?]
	at net.minecraft.world.entity.EntityType.m_20669_(EntityType.java:607) ~[server-1.20.1-20230612.114412-srg.jar%23315!/:?]
	at net.minecraft.world.entity.EntityType.m_20645_(EntityType.java:563) ~[server-1.20.1-20230612.114412-srg.jar%23315!/:?]
	at net.minecraft.server.commands.SummonCommand.m_269066_(SummonCommand.java:67) ~[server-1.20.1-20230612.114412-srg.jar%23315!/:?]
	at net.minecraft.server.commands.SummonCommand.m_245828_(SummonCommand.java:86) ~[server-1.20.1-20230612.114412-srg.jar%23315!/:?]
	at net.minecraft.server.commands.SummonCommand.m_244863_(SummonCommand.java:44) ~[server-1.20.1-20230612.114412-srg.jar%23315!/:?]
	at com.mojang.brigadier.CommandDispatcher.execute(CommandDispatcher.java:264) ~[brigadier-1.1.8.jar%2376!/:?]
	at net.minecraft.commands.Commands.m_242674_(Commands.java:257) ~[server-1.20.1-20230612.114412-srg.jar%23315!/:?]
	at net.minecraft.server.network.ServerGamePacketListenerImpl.m_246958_(ServerGamePacketListenerImpl.java:1244) ~[server-1.20.1-20230612.114412-srg.jar%23315!/:?]
	at net.minecraft.server.network.ServerGamePacketListenerImpl.m_244885_(ServerGamePacketListenerImpl.java:1221) ~[server-1.20.1-20230612.114412-srg.jar%23315!/:?]
	at net.minecraft.util.thread.BlockableEventLoop.m_18693_(BlockableEventLoop.java:67) ~[server-1.20.1-20230612.114412-srg.jar%23315!/:?]
	at java.util.concurrent.CompletableFuture$AsyncSupply.run(CompletableFuture.java:1768) ~[?:?]
	at net.minecraft.server.TickTask.run(TickTask.java:18) ~[server-1.20.1-20230612.114412-srg.jar%23315!/:?]
	at net.minecraft.util.thread.BlockableEventLoop.m_6367_(BlockableEventLoop.java:156) ~[server-1.20.1-20230612.114412-srg.jar%23315!/:?]
	at net.minecraft.util.thread.ReentrantBlockableEventLoop.m_6367_(ReentrantBlockableEventLoop.java:23) ~[server-1.20.1-20230612.114412-srg.jar%23315!/:?]
	at net.minecraft.server.MinecraftServer.m_6367_(MinecraftServer.java:770) ~[server-1.20.1-20230612.114412-srg.jar%23315!/:?]
	at net.minecraft.server.MinecraftServer.m_6367_(MinecraftServer.java:161) ~[server-1.20.1-20230612.114412-srg.jar%23315!/:?]
	at net.minecraft.util.thread.BlockableEventLoop.m_7245_(BlockableEventLoop.java:130) ~[server-1.20.1-20230612.114412-srg.jar%23315!/:?]
	at net.minecraft.server.MinecraftServer.m_129961_(MinecraftServer.java:753) ~[server-1.20.1-20230612.114412-srg.jar%23315!/:?]
	at net.minecraft.server.MinecraftServer.m_7245_(MinecraftServer.java:747) ~[server-1.20.1-20230612.114412-srg.jar%23315!/:?]
	at net.minecraft.util.thread.BlockableEventLoop.m_18699_(BlockableEventLoop.java:115) ~[server-1.20.1-20230612.114412-srg.jar%23315!/:?]
	at net.minecraft.server.MinecraftServer.m_130012_(MinecraftServer.java:732) ~[server-1.20.1-20230612.114412-srg.jar%23315!/:?]
	at net.minecraft.server.MinecraftServer.m_130011_(MinecraftServer.java:665) ~[server-1.20.1-20230612.114412-srg.jar%23315!/:?]
	at net.minecraft.server.MinecraftServer.m_206580_(MinecraftServer.java:251) ~[server-1.20.1-20230612.114412-srg.jar%23315!/:?]
	at java.lang.Thread.run(Thread.java:840) ~[?:?]
Caused by: java.lang.NullPointerException
[16Jun2025 05:47:56.846] [Server thread/INFO] [net.minecraft.server.MinecraftServer/]: Ryuakachan has completed the challenge [Centennial]
[16Jun2025 05:48:57.037] [Server thread/INFO] [net.minecraft.server.commands.LocateCommand/]: Locating element minecraft:frozen_peaks took 16 ms
[16Jun2025 05:48:59.719] [Server thread/INFO] [net.minecraft.server.MinecraftServer/]: [ElSilverSito: Teleported ElSilverSito to 541.500000, 229.000000, -992.500000]
[16Jun2025 05:49:07.616] [Server thread/INFO] [net.minecraft.server.MinecraftServer/]: [TheForgottenNeo: Teleported TheForgottenNeo to ElSilverSito]
[16Jun2025 05:49:10.252] [Server thread/INFO] [net.minecraft.server.MinecraftServer/]: Laira122 has completed the challenge [Centennial]
[16Jun2025 05:49:29.615] [Server thread/INFO] [net.minecraft.server.commands.LocateCommand/]: Locating element minecraft:frozen_peaks took 5 ms
[16Jun2025 05:49:52.071] [Server thread/WARN] [net.minecraft.server.network.ServerGamePacketListenerImpl/]: ElSilverSito moved too quickly! 10.35859868043724,-3.5877966925021667,-0.49269432046673955
[16Jun2025 05:50:12.793] [Server thread/INFO] [net.minecraft.server.commands.LocateCommand/]: Locating element minecraft:frozen_peaks took 44 ms
[16Jun2025 05:50:31.484] [Server thread/INFO] [net.minecraft.server.MinecraftServer/]: [TheForgottenNeo: Teleported TheForgottenNeo to ElSilverSito]
[16Jun2025 05:50:43.691] [Server thread/INFO] [net.minecraft.server.MinecraftServer/]: ElSilverSito has reached the goal [Clay Island]
[16Jun2025 05:51:19.106] [Server thread/INFO] [net.minecraft.server.MinecraftServer/]: [TheForgottenNeo: Teleported TheForgottenNeo to ElSilverSito]
[16Jun2025 05:51:45.226] [Server thread/INFO] [net.minecraft.server.MinecraftServer/]: [ElSilverSito: Removed every effect from ElSilverSito]
[16Jun2025 05:51:56.008] [Server thread/INFO] [net.minecraft.server.MinecraftServer/]: [TheForgottenNeo: Removed every effect from TheForgottenNeo]
[16Jun2025 05:51:59.927] [Server thread/WARN] [net.minecraft.server.MinecraftServer/]: Can't keep up! Is the server overloaded? Running 2004ms or 40 ticks behind
[16Jun2025 05:52:16.692] [Server thread/WARN] [net.minecraft.server.network.ServerGamePacketListenerImpl/]: TheForgottenNeo moved too quickly! -10.483828057915389,-0.30562877972599267,1.8151045925039853
[16Jun2025 05:52:18.953] [Server thread/WARN] [net.minecraft.server.MinecraftServer/]: Can't keep up! Is the server overloaded? Running 4030ms or 80 ticks behind
[16Jun2025 05:52:36.076] [Server thread/WARN] [net.minecraft.server.MinecraftServer/]: Can't keep up! Is the server overloaded? Running 2052ms or 41 ticks behind
[16Jun2025 05:52:53.980] [Server thread/WARN] [net.minecraft.server.MinecraftServer/]: Can't keep up! Is the server overloaded? Running 2906ms or 58 ticks behind
[16Jun2025 05:53:05.906] [Server thread/INFO] [net.minecraft.server.MinecraftServer/]: [TheForgottenNeo: Removed every effect from TheForgottenNeo]
[16Jun2025 05:53:08.202] [Server thread/INFO] [net.minecraft.server.MinecraftServer/]: [TheForgottenNeo: Teleported TheForgottenNeo to ElSilverSito]
[16Jun2025 05:53:10.784] [Server thread/WARN] [net.minecraft.server.network.ServerGamePacketListenerImpl/]: TheForgottenNeo moved too quickly! -4.205841898567087,4.928701025318674,-7.973875659588771
[16Jun2025 05:53:11.122] [Server thread/WARN] [net.minecraft.server.MinecraftServer/]: Can't keep up! Is the server overloaded? Running 2148ms or 42 ticks behind
[16Jun2025 05:53:13.291] [Server thread/INFO] [net.minecraft.server.MinecraftServer/]: TheForgottenNeo has reached the goal [Skyslime Island]
[16Jun2025 05:53:14.561] [Server thread/WARN] [net.minecraft.server.network.ServerGamePacketListenerImpl/]: TheForgottenNeo moved too quickly! -4.226918295797759,4.200000047683716,32.83702897124704
[16Jun2025 05:53:14.710] [Server thread/WARN] [net.minecraft.server.network.ServerGamePacketListenerImpl/]: TheForgottenNeo moved too quickly! -4.226918295797759,7.741539377201974,32.83702897124704
[16Jun2025 05:53:14.804] [Server thread/WARN] [net.minecraft.server.network.ServerGamePacketListenerImpl/]: TheForgottenNeo moved too quickly! -4.226918295797759,7.741539377201974,32.83702897124704
[16Jun2025 05:53:14.941] [Server thread/WARN] [net.minecraft.server.network.ServerGamePacketListenerImpl/]: TheForgottenNeo moved too quickly! -4.226918295797759,7.741539377201974,32.83702897124704
[16Jun2025 05:53:15.093] [Server thread/WARN] [net.minecraft.server.network.ServerGamePacketListenerImpl/]: TheForgottenNeo moved too quickly! -4.226918295797759,7.741539377201974,32.83702897124704
[16Jun2025 05:53:15.289] [Server thread/WARN] [net.minecraft.server.network.ServerGamePacketListenerImpl/]: TheForgottenNeo moved too quickly! -4.226918295797759,7.741539377201974,32.83702897124704
[16Jun2025 05:53:15.419] [Server thread/WARN] [net.minecraft.server.network.ServerGamePacketListenerImpl/]: TheForgottenNeo moved too quickly! -4.226918295797759,7.741539377201974,32.83702897124704
[16Jun2025 05:53:15.510] [Server thread/WARN] [net.minecraft.server.network.ServerGamePacketListenerImpl/]: TheForgottenNeo moved too quickly! -4.226918295797759,7.741539377201974,32.83702897124704
[16Jun2025 05:53:15.668] [Server thread/WARN] [net.minecraft.server.network.ServerGamePacketListenerImpl/]: TheForgottenNeo moved too quickly! -6.317737543055273,11.570844417080963,49.0796642415072
[16Jun2025 05:53:23.700] [Server thread/INFO] [net.minecraft.server.MinecraftServer/]: [ElSilverSito: Removed every effect from ElSilverSito]
[16Jun2025 05:53:26.576] [Server thread/INFO] [net.minecraft.server.MinecraftServer/]: [ElSilverSito: Teleported ElSilverSito to TheForgottenNeo]
[16Jun2025 05:53:34.432] [Server thread/INFO] [net.minecraft.server.commands.LocateCommand/]: Locating element minecraft:frozen_peaks took 789 ms
[16Jun2025 05:53:38.299] [Server thread/INFO] [net.minecraft.server.MinecraftServer/]: [ElSilverSito: Teleported ElSilverSito to 1036.500000, 161.000000, -1027.500000]
[16Jun2025 05:53:38.344] [Server thread/WARN] [net.minecraft.server.network.ServerGamePacketListenerImpl/]: TheForgottenNeo moved too quickly! 0.27871735025723865,-10.673243630896735,0.5922704984150187
[16Jun2025 05:53:52.953] [Server thread/INFO] [net.minecraft.server.MinecraftServer/]: [ElSilverSito: Set own game mode to Spectator Mode]
[16Jun2025 05:54:00.540] [Server thread/INFO] [net.minecraft.server.MinecraftServer/]: [ElSilverSito: Set own game mode to Survival Mode]
[16Jun2025 05:54:09.185] [Server thread/INFO] [net.minecraft.server.MinecraftServer/]: [TheForgottenNeo: Removed every effect from TheForgottenNeo]
[16Jun2025 05:54:18.131] [Server thread/INFO] [net.minecraft.server.MinecraftServer/]: [ElSilverSito: Teleported ElSilverSito to Laira122]
[16Jun2025 05:54:23.522] [Server thread/INFO] [net.minecraft.server.MinecraftServer/]: TheForgottenNeo has made the advancement [Alex's Caves]
[16Jun2025 05:54:39.675] [Server thread/INFO] [net.minecraft.server.MinecraftServer/]: TheForgottenNeo has made the advancement [Once Upon a Cave]
[16Jun2025 05:55:15.513] [Server thread/INFO] [net.minecraft.server.MinecraftServer/]: [TheForgottenNeo: Teleported TheForgottenNeo to ElSilverSito]
[16Jun2025 05:55:31.862] [Server thread/INFO] [net.minecraft.server.MinecraftServer/]: Laira122 was shot by ElSilverSito
[16Jun2025 05:55:37.723] [Server thread/INFO] [net.minecraft.server.MinecraftServer/]: [ElSilverSito: Teleported Laira122 to Ryuakachan]
[16Jun2025 05:55:43.214] [Server thread/INFO] [net.minecraft.server.MinecraftServer/]: [ElSilverSito: Teleported Laira122 to Ryuakachan]
[16Jun2025 05:55:49.123] [Server thread/INFO] [net.minecraft.server.MinecraftServer/]: ElSilverSito was killed
[16Jun2025 05:55:49.124] [Server thread/INFO] [net.minecraft.server.MinecraftServer/]: [ElSilverSito: Killed ElSilverSito]
[16Jun2025 05:55:55.572] [Server thread/INFO] [net.minecraft.server.MinecraftServer/]: [ElSilverSito: Teleported ElSilverSito to Laira122]
[16Jun2025 06:03:03.051] [Server thread/INFO] [net.minecraft.server.MinecraftServer/]: TheForgottenNeo has made the advancement [The Journey Begins]
[16Jun2025 06:03:21.191] [Server thread/INFO] [com.github.alexmodguy.alexscaves.AlexsCaves/]: Found alexscaves:magnetic_caves at 6471 -8 6058 in 7s
[16Jun2025 06:03:21.226] [Server thread/WARN] [net.minecraft.server.MinecraftServer/]: Can't keep up! Is the server overloaded? Running 3952ms or 79 ticks behind
[16Jun2025 06:05:30.498] [Server thread/INFO] [net.minecraft.server.MinecraftServer/]: [ElSilverSito: Teleported ElSilverSito to Laira122]
[16Jun2025 06:07:14.573] [Server thread/INFO] [net.minecraft.server.MinecraftServer/]: [ElSilverSito: Summoned new Sunbird]
[16Jun2025 06:10:13.803] [Server thread/ERROR] [net.minecraftforge.eventbus.EventBus/EVENTBUS]: Exception caught during firing event: Cannot invoke "net.minecraft.world.entity.Entity.m_20206_()" because "entityHeld" is null
	Index: 1
	Listeners:
		0: HIGH
		1: ASM: class tschipp.carryon.events.CommonEvents onEntityRightClick(Lnet/minecraftforge/event/entity/player/PlayerInteractEvent$EntityInteract;)V
		2: ASM: class dev.architectury.event.forge.EventHandlerImplCommon eventPlayerInteractEvent(Lnet/minecraftforge/event/entity/player/PlayerInteractEvent$EntityInteract;)V
		3: ASM: class com.simibubi.create.content.contraptions.minecart.MinecartCouplingItem handleInteractionWithMinecart(Lnet/minecraftforge/event/entity/player/PlayerInteractEvent$EntityInteract;)V
		4: NORMAL
		5: ASM: class tallestegg.guardvillagers.VillagerToGuard onEntityInteract(Lnet/minecraftforge/event/entity/player/PlayerInteractEvent$EntityInteract;)V
		6: ASM: com.github.alexthe666.alexsmobs.event.ServerEvents@696202a3 onInteractWithEntity(Lnet/minecraftforge/event/entity/player/PlayerInteractEvent$EntityInteract;)V
		7: ASM: class vectorwing.farmersdelight.common.item.HorseFeedItem$HorseFeedEvent onHorseFeedApplied(Lnet/minecraftforge/event/entity/player/PlayerInteractEvent$EntityInteract;)V
		8: ASM: class vectorwing.farmersdelight.common.item.DogFoodItem$DogFoodEvent onDogFoodApplied(Lnet/minecraftforge/event/entity/player/PlayerInteractEvent$EntityInteract;)V
		9: ASM: com.bobmowzie.mowziesmobs.server.ServerEventHandler@68c8a169 onPlayerInteract(Lnet/minecraftforge/event/entity/player/PlayerInteractEvent$EntityInteract;)V
		10: ASM: com.bobmowzie.mowziesmobs.server.ability.AbilityCommonEventHandler@42f41f20 onPlayerRightClickEntity(Lnet/minecraftforge/event/entity/player/PlayerInteractEvent$EntityInteract;)V
		11: ASM: stepsword.mahoutsukai.handlers.ServerHandler@6fa9e9ae rightClickEntity(Lnet/minecraftforge/event/entity/player/PlayerInteractEvent$EntityInteract;)V
		12: ASM: com.github.alexmodguy.alexscaves.server.event.CommonEvents@6d420a2 playerEntityInteract(Lnet/minecraftforge/event/entity/player/PlayerInteractEvent$EntityInteract;)V
		13: ASM: class net.mcreator.protectionpixel.procedures.Axedisappear3Procedure onRightClickEntity(Lnet/minecraftforge/event/entity/player/PlayerInteractEvent$EntityInteract;)V
		14: ASM: class net.mcreator.protectionpixel.procedures.Axedisappear2Procedure onRightClickEntity(Lnet/minecraftforge/event/entity/player/PlayerInteractEvent$EntityInteract;)V
		15: ASM: class slimeknights.tconstruct.tools.logic.InteractionHandler beforeEntityInteract(Lnet/minecraftforge/event/entity/player/PlayerInteractEvent$EntityInteract;)V
		16: ASM: class com.simibubi.create.content.contraptions.mounted.MinecartContraptionItem wrenchCanBeUsedToPickUpMinecartContraptions(Lnet/minecraftforge/event/entity/player/PlayerInteractEvent$EntityInteract;)V
		17: ASM: de.maxhenkel.easyvillagers.events.VillagerEvents@1573345d onClick(Lnet/minecraftforge/event/entity/player/PlayerInteractEvent$EntityInteract;)V
		18: LOWEST
		19: ASM: class slimeknights.tconstruct.tools.logic.InteractionHandler afterEntityInteract(Lnet/minecraftforge/event/entity/player/PlayerInteractEvent$EntityInteract;)V
java.lang.NullPointerException: Cannot invoke "net.minecraft.world.entity.Entity.m_20206_()" because "entityHeld" is null
	at TRANSFORMER/carryon@2.1.2.7/tschipp.carryon.common.carry.PlacementHandler.tryStackEntity(PlacementHandler.java:199)
	at TRANSFORMER/carryon@2.1.2.7/tschipp.carryon.events.CommonEvents.onEntityRightClick(CommonEvents.java:124)
	at TRANSFORMER/carryon@2.1.2.7/tschipp.carryon.events.__CommonEvents_onEntityRightClick_EntityInteract.invoke(.dynamic)
	at MC-BOOTSTRAP/net.minecraftforge.eventbus/net.minecraftforge.eventbus.ASMEventHandler.invoke(ASMEventHandler.java:73)
	at MC-BOOTSTRAP/net.minecraftforge.eventbus/net.minecraftforge.eventbus.EventBus.post(EventBus.java:315)
	at MC-BOOTSTRAP/net.minecraftforge.eventbus/net.minecraftforge.eventbus.EventBus.post(EventBus.java:296)
	at TRANSFORMER/forge@47.3.7/net.minecraftforge.common.ForgeHooks.onInteractEntity(ForgeHooks.java:764)
	at TRANSFORMER/minecraft@1.20.1/net.minecraft.world.entity.player.Player.m_36157_(Player.java:975)
	at TRANSFORMER/minecraft@1.20.1/net.minecraft.server.network.ServerGamePacketListenerImpl$1.m_143678_(ServerGamePacketListenerImpl.java:1460)
	at TRANSFORMER/minecraft@1.20.1/net.minecraft.server.network.ServerGamePacketListenerImpl$1.m_142299_(ServerGamePacketListenerImpl.java:1472)
	at TRANSFORMER/minecraft@1.20.1/net.minecraft.network.protocol.game.ServerboundInteractPacket$InteractionAction.m_142457_(ServerboundInteractPacket.java:116)
	at TRANSFORMER/minecraft@1.20.1/net.minecraft.network.protocol.game.ServerboundInteractPacket.m_179617_(ServerboundInteractPacket.java:66)
	at TRANSFORMER/minecraft@1.20.1/net.minecraft.server.network.ServerGamePacketListenerImpl.m_6946_(ServerGamePacketListenerImpl.java:1455)
	at TRANSFORMER/minecraft@1.20.1/net.minecraft.network.protocol.game.ServerboundInteractPacket.m_5797_(ServerboundInteractPacket.java:53)
	at TRANSFORMER/minecraft@1.20.1/net.minecraft.network.protocol.game.ServerboundInteractPacket.m_5797_(ServerboundInteractPacket.java:13)
	at TRANSFORMER/minecraft@1.20.1/net.minecraft.network.protocol.PacketUtils.m_263899_(PacketUtils.java:22)
	at TRANSFORMER/minecraft@1.20.1/net.minecraft.server.TickTask.run(TickTask.java:18)
	at TRANSFORMER/minecraft@1.20.1/net.minecraft.util.thread.BlockableEventLoop.m_6367_(BlockableEventLoop.java:156)
	at TRANSFORMER/minecraft@1.20.1/net.minecraft.util.thread.ReentrantBlockableEventLoop.m_6367_(ReentrantBlockableEventLoop.java:23)
	at TRANSFORMER/minecraft@1.20.1/net.minecraft.server.MinecraftServer.m_6367_(MinecraftServer.java:770)
	at TRANSFORMER/minecraft@1.20.1/net.minecraft.server.MinecraftServer.m_6367_(MinecraftServer.java:161)
	at TRANSFORMER/minecraft@1.20.1/net.minecraft.util.thread.BlockableEventLoop.m_7245_(BlockableEventLoop.java:130)
	at TRANSFORMER/minecraft@1.20.1/net.minecraft.server.MinecraftServer.m_129961_(MinecraftServer.java:753)
	at TRANSFORMER/minecraft@1.20.1/net.minecraft.server.MinecraftServer.m_7245_(MinecraftServer.java:747)
	at TRANSFORMER/minecraft@1.20.1/net.minecraft.util.thread.BlockableEventLoop.m_18701_(BlockableEventLoop.java:139)
	at TRANSFORMER/minecraft@1.20.1/net.minecraft.server.MinecraftServer.m_130012_(MinecraftServer.java:733)
	at TRANSFORMER/minecraft@1.20.1/net.minecraft.server.MinecraftServer.m_130011_(MinecraftServer.java:665)
	at TRANSFORMER/minecraft@1.20.1/net.minecraft.server.MinecraftServer.m_206580_(MinecraftServer.java:251)
	at java.base/java.lang.Thread.run(Thread.java:840)

[16Jun2025 06:10:13.808] [Server thread/ERROR] [net.minecraft.network.protocol.PacketUtils/]: Failed to handle packet net.minecraft.network.protocol.game.ServerboundInteractPacket@70cc251a, suppressing error
java.lang.NullPointerException: Cannot invoke "net.minecraft.world.entity.Entity.m_20206_()" because "entityHeld" is null
	at tschipp.carryon.common.carry.PlacementHandler.tryStackEntity(PlacementHandler.java:199) ~[carryon-forge-1.20.1-2.1.2.7.jar%23226!/:2.1.2.7]
	at tschipp.carryon.events.CommonEvents.onEntityRightClick(CommonEvents.java:124) ~[carryon-forge-1.20.1-2.1.2.7.jar%23226!/:2.1.2.7]
	at tschipp.carryon.events.__CommonEvents_onEntityRightClick_EntityInteract.invoke(.dynamic) ~[carryon-forge-1.20.1-2.1.2.7.jar%23226!/:2.1.2.7]
	at net.minecraftforge.eventbus.ASMEventHandler.invoke(ASMEventHandler.java:73) ~[eventbus-6.0.5.jar%2352!/:?]
	at net.minecraftforge.eventbus.EventBus.post(EventBus.java:315) ~[eventbus-6.0.5.jar%2352!/:?]
	at net.minecraftforge.eventbus.EventBus.post(EventBus.java:296) ~[eventbus-6.0.5.jar%2352!/:?]
	at net.minecraftforge.common.ForgeHooks.onInteractEntity(ForgeHooks.java:764) ~[forge-1.20.1-47.3.7-universal.jar%23320!/:?]
	at net.minecraft.world.entity.player.Player.m_36157_(Player.java:975) ~[server-1.20.1-20230612.114412-srg.jar%23315!/:?]
	at net.minecraft.server.network.ServerGamePacketListenerImpl$1.m_143678_(ServerGamePacketListenerImpl.java:1460) ~[server-1.20.1-20230612.114412-srg.jar%23315!/:?]
	at net.minecraft.server.network.ServerGamePacketListenerImpl$1.m_142299_(ServerGamePacketListenerImpl.java:1472) ~[server-1.20.1-20230612.114412-srg.jar%23315!/:?]
	at net.minecraft.network.protocol.game.ServerboundInteractPacket$InteractionAction.m_142457_(ServerboundInteractPacket.java:116) ~[server-1.20.1-20230612.114412-srg.jar%23315!/:?]
	at net.minecraft.network.protocol.game.ServerboundInteractPacket.m_179617_(ServerboundInteractPacket.java:66) ~[server-1.20.1-20230612.114412-srg.jar%23315!/:?]
	at net.minecraft.server.network.ServerGamePacketListenerImpl.m_6946_(ServerGamePacketListenerImpl.java:1455) ~[server-1.20.1-20230612.114412-srg.jar%23315!/:?]
	at net.minecraft.network.protocol.game.ServerboundInteractPacket.m_5797_(ServerboundInteractPacket.java:53) ~[server-1.20.1-20230612.114412-srg.jar%23315!/:?]
	at net.minecraft.network.protocol.game.ServerboundInteractPacket.m_5797_(ServerboundInteractPacket.java:13) ~[server-1.20.1-20230612.114412-srg.jar%23315!/:?]
	at net.minecraft.network.protocol.PacketUtils.m_263899_(PacketUtils.java:22) ~[server-1.20.1-20230612.114412-srg.jar%23315!/:?]
	at net.minecraft.server.TickTask.run(TickTask.java:18) ~[server-1.20.1-20230612.114412-srg.jar%23315!/:?]
	at net.minecraft.util.thread.BlockableEventLoop.m_6367_(BlockableEventLoop.java:156) ~[server-1.20.1-20230612.114412-srg.jar%23315!/:?]
	at net.minecraft.util.thread.ReentrantBlockableEventLoop.m_6367_(ReentrantBlockableEventLoop.java:23) ~[server-1.20.1-20230612.114412-srg.jar%23315!/:?]
	at net.minecraft.server.MinecraftServer.m_6367_(MinecraftServer.java:770) ~[server-1.20.1-20230612.114412-srg.jar%23315!/:?]
	at net.minecraft.server.MinecraftServer.m_6367_(MinecraftServer.java:161) ~[server-1.20.1-20230612.114412-srg.jar%23315!/:?]
	at net.minecraft.util.thread.BlockableEventLoop.m_7245_(BlockableEventLoop.java:130) ~[server-1.20.1-20230612.114412-srg.jar%23315!/:?]
	at net.minecraft.server.MinecraftServer.m_129961_(MinecraftServer.java:753) ~[server-1.20.1-20230612.114412-srg.jar%23315!/:?]
	at net.minecraft.server.MinecraftServer.m_7245_(MinecraftServer.java:747) ~[server-1.20.1-20230612.114412-srg.jar%23315!/:?]
	at net.minecraft.util.thread.BlockableEventLoop.m_18701_(BlockableEventLoop.java:139) ~[server-1.20.1-20230612.114412-srg.jar%23315!/:?]
	at net.minecraft.server.MinecraftServer.m_130012_(MinecraftServer.java:733) ~[server-1.20.1-20230612.114412-srg.jar%23315!/:?]
	at net.minecraft.server.MinecraftServer.m_130011_(MinecraftServer.java:665) ~[server-1.20.1-20230612.114412-srg.jar%23315!/:?]
	at net.minecraft.server.MinecraftServer.m_206580_(MinecraftServer.java:251) ~[server-1.20.1-20230612.114412-srg.jar%23315!/:?]
	at java.lang.Thread.run(Thread.java:840) ~[?:?]
[16Jun2025 06:10:34.099] [Server thread/INFO] [net.minecraft.server.MinecraftServer/]: [ElSilverSito: Summoned new Sunbird]
[16Jun2025 06:10:34.551] [Server thread/INFO] [net.minecraft.server.MinecraftServer/]: [ElSilverSito: Summoned new Sunbird]
[16Jun2025 06:10:34.997] [Server thread/INFO] [net.minecraft.server.MinecraftServer/]: [ElSilverSito: Summoned new Sunbird]
[16Jun2025 06:10:35.448] [Server thread/INFO] [net.minecraft.server.MinecraftServer/]: [ElSilverSito: Summoned new Sunbird]
[16Jun2025 06:10:36.048] [Server thread/INFO] [net.minecraft.server.MinecraftServer/]: [ElSilverSito: Summoned new Sunbird]
[16Jun2025 06:10:36.495] [Server thread/INFO] [net.minecraft.server.MinecraftServer/]: [ElSilverSito: Summoned new Sunbird]
[16Jun2025 06:15:50.492] [Server thread/INFO] [net.minecraft.server.MinecraftServer/]: Laira122 has reached the goal [I Am Become Death]
[16Jun2025 06:16:43.476] [Server thread/INFO] [net.minecraft.server.MinecraftServer/]: [ElSilverSito: Teleported ElSilverSito to TheForgottenNeo]
[16Jun2025 06:16:47.523] [Server thread/INFO] [net.minecraft.server.MinecraftServer/]: [ElSilverSito: Teleported ElSilverSito to Laira122]
[16Jun2025 06:16:55.357] [Server thread/INFO] [net.minecraft.server.MinecraftServer/]: [TheForgottenNeo: Teleported TheForgottenNeo to ElSilverSito]
[16Jun2025 06:16:59.355] [Server thread/WARN] [net.minecraft.server.network.ServerGamePacketListenerImpl/]: Ryuakachan moved too quickly! -8.783950419976577,0.3184416019416858,-4.891822289929223
[16Jun2025 06:19:14.293] [Server thread/WARN] [net.minecraft.server.network.ServerGamePacketListenerImpl/]: TheForgottenNeo moved too quickly! 3.1639244427050244,15.457555787478555,-0.40306374807823886
[16Jun2025 06:19:16.575] [Server thread/WARN] [net.minecraft.server.network.ServerGamePacketListenerImpl/]: TheForgottenNeo moved too quickly! 13.864908833249729,48.29243079930137,-3.1995943216843443
[16Jun2025 06:19:16.579] [Server thread/WARN] [net.minecraft.server.MinecraftServer/]: Can't keep up! Is the server overloaded? Running 2356ms or 47 ticks behind
[16Jun2025 06:19:37.217] [Server thread/WARN] [net.minecraft.server.MinecraftServer/]: Can't keep up! Is the server overloaded? Running 5644ms or 112 ticks behind
[16Jun2025 06:20:12.756] [Server thread/INFO] [net.minecraft.server.MinecraftServer/]: [ElSilverSito: Teleported ElSilverSito to Laira122]
[16Jun2025 06:20:14.157] [Server thread/WARN] [net.minecraft.server.network.ServerGamePacketListenerImpl/]: TheForgottenNeo moved too quickly! -1.5737338697606447,30.08287571028005,6.736413038493083
[16Jun2025 06:20:14.586] [Server thread/WARN] [net.minecraft.server.network.ServerGamePacketListenerImpl/]: TheForgottenNeo moved too quickly! -1.5737338697606447,30.08287571028005,6.736413038493083
[16Jun2025 06:20:15.143] [Server thread/WARN] [net.minecraft.server.network.ServerGamePacketListenerImpl/]: TheForgottenNeo moved too quickly! -1.5737338697606447,30.08287571028005,6.736413038493083
[16Jun2025 06:20:16.391] [Server thread/WARN] [net.minecraft.server.MinecraftServer/]: Can't keep up! Is the server overloaded? Running 2168ms or 43 ticks behind
[16Jun2025 06:20:16.648] [Server thread/WARN] [net.minecraft.server.network.ServerGamePacketListenerImpl/]: TheForgottenNeo moved too quickly! -1.5737338697606447,30.08287571028005,6.736413038493083
[16Jun2025 06:20:18.681] [Server thread/WARN] [net.minecraft.server.network.ServerGamePacketListenerImpl/]: TheForgottenNeo moved too quickly! -1.5737338697606447,30.08287571028005,6.736413038493083
[16Jun2025 06:20:19.279] [Server thread/INFO] [net.minecraft.server.MinecraftServer/]: [ElSilverSito: Summoned new Sunbird]
[16Jun2025 06:20:19.586] [Server thread/INFO] [net.minecraft.server.MinecraftServer/]: [ElSilverSito: Summoned new Sunbird]
[16Jun2025 06:20:20.030] [Server thread/INFO] [net.minecraft.server.MinecraftServer/]: [ElSilverSito: Summoned new Sunbird]
[16Jun2025 06:20:20.504] [Server thread/INFO] [net.minecraft.server.MinecraftServer/]: [ElSilverSito: Summoned new Sunbird]
[16Jun2025 06:20:22.129] [Server thread/INFO] [net.minecraft.server.MinecraftServer/]: [ElSilverSito: Summoned new Sunbird]
[16Jun2025 06:20:22.709] [Server thread/INFO] [net.minecraft.server.MinecraftServer/]: [ElSilverSito: Summoned new Sunbird]
[16Jun2025 06:20:23.220] [Server thread/INFO] [net.minecraft.server.MinecraftServer/]: [ElSilverSito: Summoned new Sunbird]
[16Jun2025 06:20:23.633] [Server thread/INFO] [net.minecraft.server.MinecraftServer/]: [ElSilverSito: Summoned new Sunbird]
[16Jun2025 06:20:24.262] [Server thread/INFO] [net.minecraft.server.MinecraftServer/]: [ElSilverSito: Summoned new Sunbird]
[16Jun2025 06:20:24.694] [Server thread/INFO] [net.minecraft.server.MinecraftServer/]: [ElSilverSito: Summoned new Sunbird]
[16Jun2025 06:20:25.962] [Server thread/INFO] [net.minecraft.server.MinecraftServer/]: [TheForgottenNeo: Teleported TheForgottenNeo to ElSilverSito]
[16Jun2025 06:20:38.826] [Server thread/WARN] [net.minecraft.server.MinecraftServer/]: Can't keep up! Is the server overloaded? Running 7452ms or 149 ticks behind
[16Jun2025 06:22:10.850] [Server thread/INFO] [net.minecraft.server.MinecraftServer/]: [TheForgottenNeo: Gave 1 [Spelunkie] to TheForgottenNeo]
[16Jun2025 06:22:59.181] [Server thread/WARN] [net.minecraft.server.MinecraftServer/]: Can't keep up! Is the server overloaded? Running 2008ms or 40 ticks behind
[16Jun2025 06:23:04.405] [Server thread/ERROR] [net.minecraftforge.eventbus.EventBus/EVENTBUS]: Exception caught during firing event: Cannot invoke "net.minecraft.world.entity.Entity.m_20206_()" because "entityHeld" is null
	Index: 1
	Listeners:
		0: HIGH
		1: ASM: class tschipp.carryon.events.CommonEvents onEntityRightClick(Lnet/minecraftforge/event/entity/player/PlayerInteractEvent$EntityInteract;)V
		2: ASM: class dev.architectury.event.forge.EventHandlerImplCommon eventPlayerInteractEvent(Lnet/minecraftforge/event/entity/player/PlayerInteractEvent$EntityInteract;)V
		3: ASM: class com.simibubi.create.content.contraptions.minecart.MinecartCouplingItem handleInteractionWithMinecart(Lnet/minecraftforge/event/entity/player/PlayerInteractEvent$EntityInteract;)V
		4: NORMAL
		5: ASM: class tallestegg.guardvillagers.VillagerToGuard onEntityInteract(Lnet/minecraftforge/event/entity/player/PlayerInteractEvent$EntityInteract;)V
		6: ASM: com.github.alexthe666.alexsmobs.event.ServerEvents@696202a3 onInteractWithEntity(Lnet/minecraftforge/event/entity/player/PlayerInteractEvent$EntityInteract;)V
		7: ASM: class vectorwing.farmersdelight.common.item.HorseFeedItem$HorseFeedEvent onHorseFeedApplied(Lnet/minecraftforge/event/entity/player/PlayerInteractEvent$EntityInteract;)V
		8: ASM: class vectorwing.farmersdelight.common.item.DogFoodItem$DogFoodEvent onDogFoodApplied(Lnet/minecraftforge/event/entity/player/PlayerInteractEvent$EntityInteract;)V
		9: ASM: com.bobmowzie.mowziesmobs.server.ServerEventHandler@68c8a169 onPlayerInteract(Lnet/minecraftforge/event/entity/player/PlayerInteractEvent$EntityInteract;)V
		10: ASM: com.bobmowzie.mowziesmobs.server.ability.AbilityCommonEventHandler@42f41f20 onPlayerRightClickEntity(Lnet/minecraftforge/event/entity/player/PlayerInteractEvent$EntityInteract;)V
		11: ASM: stepsword.mahoutsukai.handlers.ServerHandler@6fa9e9ae rightClickEntity(Lnet/minecraftforge/event/entity/player/PlayerInteractEvent$EntityInteract;)V
		12: ASM: com.github.alexmodguy.alexscaves.server.event.CommonEvents@6d420a2 playerEntityInteract(Lnet/minecraftforge/event/entity/player/PlayerInteractEvent$EntityInteract;)V
		13: ASM: class net.mcreator.protectionpixel.procedures.Axedisappear3Procedure onRightClickEntity(Lnet/minecraftforge/event/entity/player/PlayerInteractEvent$EntityInteract;)V
		14: ASM: class net.mcreator.protectionpixel.procedures.Axedisappear2Procedure onRightClickEntity(Lnet/minecraftforge/event/entity/player/PlayerInteractEvent$EntityInteract;)V
		15: ASM: class slimeknights.tconstruct.tools.logic.InteractionHandler beforeEntityInteract(Lnet/minecraftforge/event/entity/player/PlayerInteractEvent$EntityInteract;)V
		16: ASM: class com.simibubi.create.content.contraptions.mounted.MinecartContraptionItem wrenchCanBeUsedToPickUpMinecartContraptions(Lnet/minecraftforge/event/entity/player/PlayerInteractEvent$EntityInteract;)V
		17: ASM: de.maxhenkel.easyvillagers.events.VillagerEvents@1573345d onClick(Lnet/minecraftforge/event/entity/player/PlayerInteractEvent$EntityInteract;)V
		18: LOWEST
		19: ASM: class slimeknights.tconstruct.tools.logic.InteractionHandler afterEntityInteract(Lnet/minecraftforge/event/entity/player/PlayerInteractEvent$EntityInteract;)V
java.lang.NullPointerException: Cannot invoke "net.minecraft.world.entity.Entity.m_20206_()" because "entityHeld" is null
	at TRANSFORMER/carryon@2.1.2.7/tschipp.carryon.common.carry.PlacementHandler.tryStackEntity(PlacementHandler.java:199)
	at TRANSFORMER/carryon@2.1.2.7/tschipp.carryon.events.CommonEvents.onEntityRightClick(CommonEvents.java:124)
	at TRANSFORMER/carryon@2.1.2.7/tschipp.carryon.events.__CommonEvents_onEntityRightClick_EntityInteract.invoke(.dynamic)
	at MC-BOOTSTRAP/net.minecraftforge.eventbus/net.minecraftforge.eventbus.ASMEventHandler.invoke(ASMEventHandler.java:73)
	at MC-BOOTSTRAP/net.minecraftforge.eventbus/net.minecraftforge.eventbus.EventBus.post(EventBus.java:315)
	at MC-BOOTSTRAP/net.minecraftforge.eventbus/net.minecraftforge.eventbus.EventBus.post(EventBus.java:296)
	at TRANSFORMER/forge@47.3.7/net.minecraftforge.common.ForgeHooks.onInteractEntity(ForgeHooks.java:764)
	at TRANSFORMER/minecraft@1.20.1/net.minecraft.world.entity.player.Player.m_36157_(Player.java:975)
	at TRANSFORMER/minecraft@1.20.1/net.minecraft.server.network.ServerGamePacketListenerImpl$1.m_143678_(ServerGamePacketListenerImpl.java:1460)
	at TRANSFORMER/minecraft@1.20.1/net.minecraft.server.network.ServerGamePacketListenerImpl$1.m_142299_(ServerGamePacketListenerImpl.java:1472)
	at TRANSFORMER/minecraft@1.20.1/net.minecraft.network.protocol.game.ServerboundInteractPacket$InteractionAction.m_142457_(ServerboundInteractPacket.java:116)
	at TRANSFORMER/minecraft@1.20.1/net.minecraft.network.protocol.game.ServerboundInteractPacket.m_179617_(ServerboundInteractPacket.java:66)
	at TRANSFORMER/minecraft@1.20.1/net.minecraft.server.network.ServerGamePacketListenerImpl.m_6946_(ServerGamePacketListenerImpl.java:1455)
	at TRANSFORMER/minecraft@1.20.1/net.minecraft.network.protocol.game.ServerboundInteractPacket.m_5797_(ServerboundInteractPacket.java:53)
	at TRANSFORMER/minecraft@1.20.1/net.minecraft.network.protocol.game.ServerboundInteractPacket.m_5797_(ServerboundInteractPacket.java:13)
	at TRANSFORMER/minecraft@1.20.1/net.minecraft.network.protocol.PacketUtils.m_263899_(PacketUtils.java:22)
	at TRANSFORMER/minecraft@1.20.1/net.minecraft.server.TickTask.run(TickTask.java:18)
	at TRANSFORMER/minecraft@1.20.1/net.minecraft.util.thread.BlockableEventLoop.m_6367_(BlockableEventLoop.java:156)
	at TRANSFORMER/minecraft@1.20.1/net.minecraft.util.thread.ReentrantBlockableEventLoop.m_6367_(ReentrantBlockableEventLoop.java:23)
	at TRANSFORMER/minecraft@1.20.1/net.minecraft.server.MinecraftServer.m_6367_(MinecraftServer.java:770)
	at TRANSFORMER/minecraft@1.20.1/net.minecraft.server.MinecraftServer.m_6367_(MinecraftServer.java:161)
	at TRANSFORMER/minecraft@1.20.1/net.minecraft.util.thread.BlockableEventLoop.m_7245_(BlockableEventLoop.java:130)
	at TRANSFORMER/minecraft@1.20.1/net.minecraft.server.MinecraftServer.m_129961_(MinecraftServer.java:753)
	at TRANSFORMER/minecraft@1.20.1/net.minecraft.server.MinecraftServer.m_7245_(MinecraftServer.java:747)
	at TRANSFORMER/minecraft@1.20.1/net.minecraft.util.thread.BlockableEventLoop.m_18699_(BlockableEventLoop.java:115)
	at TRANSFORMER/minecraft@1.20.1/net.minecraft.server.MinecraftServer.m_130012_(MinecraftServer.java:732)
	at TRANSFORMER/minecraft@1.20.1/net.minecraft.server.MinecraftServer.m_130011_(MinecraftServer.java:665)
	at TRANSFORMER/minecraft@1.20.1/net.minecraft.server.MinecraftServer.m_206580_(MinecraftServer.java:251)
	at java.base/java.lang.Thread.run(Thread.java:840)

[16Jun2025 06:23:04.407] [Server thread/ERROR] [net.minecraft.network.protocol.PacketUtils/]: Failed to handle packet net.minecraft.network.protocol.game.ServerboundInteractPacket@15007990, suppressing error
java.lang.NullPointerException: Cannot invoke "net.minecraft.world.entity.Entity.m_20206_()" because "entityHeld" is null
	at tschipp.carryon.common.carry.PlacementHandler.tryStackEntity(PlacementHandler.java:199) ~[carryon-forge-1.20.1-2.1.2.7.jar%23226!/:2.1.2.7]
	at tschipp.carryon.events.CommonEvents.onEntityRightClick(CommonEvents.java:124) ~[carryon-forge-1.20.1-2.1.2.7.jar%23226!/:2.1.2.7]
	at tschipp.carryon.events.__CommonEvents_onEntityRightClick_EntityInteract.invoke(.dynamic) ~[carryon-forge-1.20.1-2.1.2.7.jar%23226!/:2.1.2.7]
	at net.minecraftforge.eventbus.ASMEventHandler.invoke(ASMEventHandler.java:73) ~[eventbus-6.0.5.jar%2352!/:?]
	at net.minecraftforge.eventbus.EventBus.post(EventBus.java:315) ~[eventbus-6.0.5.jar%2352!/:?]
	at net.minecraftforge.eventbus.EventBus.post(EventBus.java:296) ~[eventbus-6.0.5.jar%2352!/:?]
	at net.minecraftforge.common.ForgeHooks.onInteractEntity(ForgeHooks.java:764) ~[forge-1.20.1-47.3.7-universal.jar%23320!/:?]
	at net.minecraft.world.entity.player.Player.m_36157_(Player.java:975) ~[server-1.20.1-20230612.114412-srg.jar%23315!/:?]
	at net.minecraft.server.network.ServerGamePacketListenerImpl$1.m_143678_(ServerGamePacketListenerImpl.java:1460) ~[server-1.20.1-20230612.114412-srg.jar%23315!/:?]
	at net.minecraft.server.network.ServerGamePacketListenerImpl$1.m_142299_(ServerGamePacketListenerImpl.java:1472) ~[server-1.20.1-20230612.114412-srg.jar%23315!/:?]
	at net.minecraft.network.protocol.game.ServerboundInteractPacket$InteractionAction.m_142457_(ServerboundInteractPacket.java:116) ~[server-1.20.1-20230612.114412-srg.jar%23315!/:?]
	at net.minecraft.network.protocol.game.ServerboundInteractPacket.m_179617_(ServerboundInteractPacket.java:66) ~[server-1.20.1-20230612.114412-srg.jar%23315!/:?]
	at net.minecraft.server.network.ServerGamePacketListenerImpl.m_6946_(ServerGamePacketListenerImpl.java:1455) ~[server-1.20.1-20230612.114412-srg.jar%23315!/:?]
	at net.minecraft.network.protocol.game.ServerboundInteractPacket.m_5797_(ServerboundInteractPacket.java:53) ~[server-1.20.1-20230612.114412-srg.jar%23315!/:?]
	at net.minecraft.network.protocol.game.ServerboundInteractPacket.m_5797_(ServerboundInteractPacket.java:13) ~[server-1.20.1-20230612.114412-srg.jar%23315!/:?]
	at net.minecraft.network.protocol.PacketUtils.m_263899_(PacketUtils.java:22) ~[server-1.20.1-20230612.114412-srg.jar%23315!/:?]
	at net.minecraft.server.TickTask.run(TickTask.java:18) ~[server-1.20.1-20230612.114412-srg.jar%23315!/:?]
	at net.minecraft.util.thread.BlockableEventLoop.m_6367_(BlockableEventLoop.java:156) ~[server-1.20.1-20230612.114412-srg.jar%23315!/:?]
	at net.minecraft.util.thread.ReentrantBlockableEventLoop.m_6367_(ReentrantBlockableEventLoop.java:23) ~[server-1.20.1-20230612.114412-srg.jar%23315!/:?]
	at net.minecraft.server.MinecraftServer.m_6367_(MinecraftServer.java:770) ~[server-1.20.1-20230612.114412-srg.jar%23315!/:?]
	at net.minecraft.server.MinecraftServer.m_6367_(MinecraftServer.java:161) ~[server-1.20.1-20230612.114412-srg.jar%23315!/:?]
	at net.minecraft.util.thread.BlockableEventLoop.m_7245_(BlockableEventLoop.java:130) ~[server-1.20.1-20230612.114412-srg.jar%23315!/:?]
	at net.minecraft.server.MinecraftServer.m_129961_(MinecraftServer.java:753) ~[server-1.20.1-20230612.114412-srg.jar%23315!/:?]
	at net.minecraft.server.MinecraftServer.m_7245_(MinecraftServer.java:747) ~[server-1.20.1-20230612.114412-srg.jar%23315!/:?]
	at net.minecraft.util.thread.BlockableEventLoop.m_18699_(BlockableEventLoop.java:115) ~[server-1.20.1-20230612.114412-srg.jar%23315!/:?]
	at net.minecraft.server.MinecraftServer.m_130012_(MinecraftServer.java:732) ~[server-1.20.1-20230612.114412-srg.jar%23315!/:?]
	at net.minecraft.server.MinecraftServer.m_130011_(MinecraftServer.java:665) ~[server-1.20.1-20230612.114412-srg.jar%23315!/:?]
	at net.minecraft.server.MinecraftServer.m_206580_(MinecraftServer.java:251) ~[server-1.20.1-20230612.114412-srg.jar%23315!/:?]
	at java.lang.Thread.run(Thread.java:840) ~[?:?]
[16Jun2025 06:23:27.234] [Server thread/WARN] [net.minecraft.server.MinecraftServer/]: Can't keep up! Is the server overloaded? Running 2010ms or 40 ticks behind
[16Jun2025 06:23:44.477] [Server thread/WARN] [net.minecraft.server.MinecraftServer/]: Can't keep up! Is the server overloaded? Running 2253ms or 45 ticks behind
[16Jun2025 06:24:03.864] [Server thread/WARN] [net.minecraft.server.network.ServerGamePacketListenerImpl/]: ElSilverSito moved wrongly!
[16Jun2025 06:24:14.912] [Server thread/WARN] [net.minecraft.server.network.ServerGamePacketListenerImpl/]: ElSilverSito moved too quickly! -6.699608200908017,-5.778306873515078,7.148213906672254
[16Jun2025 06:24:18.076] [Server thread/WARN] [net.minecraft.server.MinecraftServer/]: Can't keep up! Is the server overloaded? Running 2002ms or 40 ticks behind
[16Jun2025 06:24:37.387] [Server thread/WARN] [net.minecraft.server.MinecraftServer/]: Can't keep up! Is the server overloaded? Running 4313ms or 86 ticks behind
[16Jun2025 06:24:52.363] [Server thread/INFO] [net.minecraft.server.MinecraftServer/]: [ElSilverSito: Teleported ElSilverSito to Laira122]
[16Jun2025 06:25:02.295] [Server thread/WARN] [net.minecraft.server.MinecraftServer/]: Can't keep up! Is the server overloaded? Running 2071ms or 41 ticks behind
[16Jun2025 06:25:12.520] [Server thread/INFO] [net.minecraft.server.MinecraftServer/]: [ElSilverSito: Teleported ElSilverSito to Laira122]
[16Jun2025 06:25:21.075] [Server thread/WARN] [net.minecraft.server.MinecraftServer/]: Can't keep up! Is the server overloaded? Running 2002ms or 40 ticks behind
[16Jun2025 06:27:07.057] [Server thread/INFO] [net.minecraft.server.MinecraftServer/]: [TheForgottenNeo: Gave 1 [Spelunkie] to TheForgottenNeo]
[16Jun2025 06:27:09.304] [Server thread/INFO] [net.minecraft.server.network.ServerGamePacketListenerImpl/]: Laira122 lost connection: Disconnected
[16Jun2025 06:27:09.304] [Server thread/INFO] [net.minecraft.server.MinecraftServer/]: Laira122 left the game
[16Jun2025 06:27:09.305] [Server thread/INFO] [voicechat/]: [voicechat] Disconnecting client Laira122
[16Jun2025 06:27:16.911] [Server thread/INFO] [net.minecraft.server.MinecraftServer/]: [TheForgottenNeo: Removed every effect from TheForgottenNeo]
[16Jun2025 06:27:56.315] [Server thread/INFO] [net.minecraft.server.MinecraftServer/]: [TheForgottenNeo: Set own game mode to Creative Mode]
[16Jun2025 06:28:17.882] [Server thread/INFO] [net.minecraft.server.MinecraftServer/]: [TheForgottenNeo: Successfully filled 3538 block(s)]
[16Jun2025 06:28:37.470] [Server thread/INFO] [net.minecraft.server.MinecraftServer/]: [TheForgottenNeo: Successfully filled 5989 block(s)]
[16Jun2025 06:29:05.719] [Server thread/INFO] [net.minecraft.server.MinecraftServer/]: [TheForgottenNeo: Successfully filled 523 block(s)]
[16Jun2025 06:29:38.686] [Server thread/INFO] [net.minecraft.server.MinecraftServer/]: [TheForgottenNeo: Successfully filled 9671 block(s)]
[16Jun2025 06:30:31.119] [Server thread/INFO] [net.minecraft.server.MinecraftServer/]: [ElSilverSito: Teleported ElSilverSito to Ryuakachan]
[16Jun2025 06:30:40.063] [Server thread/INFO] [net.minecraft.server.players.PlayerList/]: Laira122[/127.15.45.174:44675] logged in with entity id 92118 at (399.70524529930753, 165.0, -982.4075461215291)
[16Jun2025 06:30:40.079] [Server thread/INFO] [net.minecraft.server.MinecraftServer/]: Laira122 joined the game
[16Jun2025 06:30:41.518] [Server thread/INFO] [voicechat/]: [voicechat] Received secret request of Laira122 (18)
[16Jun2025 06:30:41.518] [Server thread/INFO] [voicechat/]: [voicechat] Sent secret to Laira122
[16Jun2025 06:30:52.712] [VoiceChatPacketProcessingThread/INFO] [voicechat/]: [voicechat] Successfully authenticated player 91116d11-b61b-3e87-9353-90d47475ae8d
[16Jun2025 06:30:53.724] [VoiceChatPacketProcessingThread/INFO] [voicechat/]: [voicechat] Successfully validated connection of player 91116d11-b61b-3e87-9353-90d47475ae8d
[16Jun2025 06:30:53.724] [VoiceChatPacketProcessingThread/INFO] [voicechat/]: [voicechat] Player Laira122 (91116d11-b61b-3e87-9353-90d47475ae8d) successfully connected to voice chat
[16Jun2025 06:31:31.752] [Server thread/INFO] [net.minecraft.server.network.ServerGamePacketListenerImpl/]: Laira122 lost connection: Disconnected
[16Jun2025 06:31:31.753] [Server thread/INFO] [net.minecraft.server.MinecraftServer/]: Laira122 left the game
[16Jun2025 06:31:31.753] [Server thread/INFO] [voicechat/]: [voicechat] Disconnecting client Laira122
[16Jun2025 06:31:50.100] [Server thread/INFO] [net.minecraft.server.MinecraftServer/]: [ElSilverSito: Teleported ElSilverSito to Ryuakachan]
[16Jun2025 06:33:12.164] [Server thread/INFO] [net.minecraft.server.players.PlayerList/]: Laira122[/127.15.45.174:46979] logged in with entity id 92659 at (399.70524529930753, 165.0, -982.4075461215291)
[16Jun2025 06:33:12.181] [Server thread/INFO] [net.minecraft.server.MinecraftServer/]: Laira122 joined the game
[16Jun2025 06:33:13.814] [Server thread/INFO] [voicechat/]: [voicechat] Received secret request of Laira122 (18)
[16Jun2025 06:33:13.814] [Server thread/INFO] [voicechat/]: [voicechat] Sent secret to Laira122
[16Jun2025 06:33:24.300] [Server thread/INFO] [net.minecraft.server.MinecraftServer/]: [TheForgottenNeo: Set own game mode to Survival Mode]
[16Jun2025 06:33:24.969] [VoiceChatPacketProcessingThread/INFO] [voicechat/]: [voicechat] Successfully authenticated player 91116d11-b61b-3e87-9353-90d47475ae8d
[16Jun2025 06:33:25.971] [VoiceChatPacketProcessingThread/INFO] [voicechat/]: [voicechat] Successfully validated connection of player 91116d11-b61b-3e87-9353-90d47475ae8d
[16Jun2025 06:33:25.971] [VoiceChatPacketProcessingThread/INFO] [voicechat/]: [voicechat] Player Laira122 (91116d11-b61b-3e87-9353-90d47475ae8d) successfully connected to voice chat
[16Jun2025 06:33:49.347] [Server thread/INFO] [net.minecraft.server.MinecraftServer/]: [ElSilverSito: Teleported ElSilverSito to Laira122]
[16Jun2025 06:34:39.196] [Server thread/INFO] [net.minecraft.server.network.ServerGamePacketListenerImpl/]: Laira122 lost connection: Disconnected
[16Jun2025 06:34:39.197] [Server thread/INFO] [net.minecraft.server.MinecraftServer/]: Laira122 left the game
[16Jun2025 06:34:39.197] [Server thread/INFO] [voicechat/]: [voicechat] Disconnecting client Laira122
[16Jun2025 06:34:46.899] [Server thread/INFO] [net.minecraft.server.MinecraftServer/]: [ElSilverSito: Teleported ElSilverSito to Ryuakachan]
[16Jun2025 06:36:37.314] [Server thread/INFO] [net.minecraft.server.players.PlayerList/]: Laira122[/127.15.45.174:48155] logged in with entity id 93723 at (378.20284597962706, 160.17675927506423, -971.2334822942455)
[16Jun2025 06:36:37.329] [Server thread/INFO] [net.minecraft.server.MinecraftServer/]: Laira122 joined the game
[16Jun2025 06:36:38.806] [Server thread/INFO] [voicechat/]: [voicechat] Received secret request of Laira122 (18)
[16Jun2025 06:36:38.806] [Server thread/INFO] [voicechat/]: [voicechat] Sent secret to Laira122
[16Jun2025 06:36:50.272] [VoiceChatPacketProcessingThread/INFO] [voicechat/]: [voicechat] Successfully authenticated player 91116d11-b61b-3e87-9353-90d47475ae8d
[16Jun2025 06:36:51.280] [VoiceChatPacketProcessingThread/INFO] [voicechat/]: [voicechat] Successfully validated connection of player 91116d11-b61b-3e87-9353-90d47475ae8d
[16Jun2025 06:36:51.280] [VoiceChatPacketProcessingThread/INFO] [voicechat/]: [voicechat] Player Laira122 (91116d11-b61b-3e87-9353-90d47475ae8d) successfully connected to voice chat
[16Jun2025 06:39:46.849] [Server thread/INFO] [net.minecraft.server.MinecraftServer/]: [ElSilverSito: Teleported ElSilverSito to Laira122]
[16Jun2025 06:42:17.107] [Server thread/INFO] [net.minecraft.server.network.ServerGamePacketListenerImpl/]: Laira122 lost connection: Disconnected
[16Jun2025 06:42:17.108] [Server thread/INFO] [net.minecraft.server.MinecraftServer/]: Laira122 left the game
[16Jun2025 06:42:17.108] [Server thread/INFO] [voicechat/]: [voicechat] Disconnecting client Laira122
[16Jun2025 06:47:01.703] [Server thread/WARN] [net.minecraft.server.network.ServerGamePacketListenerImpl/]: ElSilverSito moved wrongly!
[16Jun2025 06:47:47.156] [Server thread/INFO] [net.minecraft.server.MinecraftServer/]: [Not Secure] <ElSilverSito> 333.700 67.00000 -958.599
[16Jun2025 06:48:32.546] [Server thread/INFO] [net.minecraft.server.MinecraftServer/]: [Not Secure] <TheForgottenNeo> w
[16Jun2025 06:48:37.700] [Server thread/INFO] [net.minecraft.server.MinecraftServer/]: [Not Secure] <TheForgottenNeo> ond ands
[16Jun2025 06:54:02.167] [Server thread/INFO] [net.minecraft.server.MinecraftServer/]: [ElSilverSito: Teleported ElSilverSito to Ryuakachan]
